Name,MBEC(uM),Seq,SeqL,MwWt,Aromaticity,PI,A,R,N,D,C,E,Q,G,H,I,L,K,M,F,P,S,T,W,Y,V,AA,RA,NA,DA,CA,EA,QA,GA,HA,IA,LA,KA,MA,FA,PA,SA,TA,WA,YA,VA,AR,RR,NR,DR,CR,ER,QR,GR,HR,IR,LR,KR,MR,FR,PR,SR,TR,WR,YR,VR,AN,RN,NN,DN,CN,EN,QN,GN,HN,IN,LN,KN,MN,FN,PN,SN,TN,WN,YN,VN,AD,RD,ND,DD,CD,ED,QD,GD,HD,ID,LD,KD,MD,FD,PD,SD,TD,WD,YD,VD,AC,RC,NC,DC,CC,EC,QC,GC,HC,IC,LC,KC,MC,FC,PC,SC,TC,WC,YC,VC,AE,RE,NE,DE,CE,EE,QE,GE,HE,IE,LE,KE,ME,FE,PE,SE,TE,WE,YE,VE,AQ,RQ,NQ,DQ,CQ,EQ,QQ,GQ,HQ,IQ,LQ,KQ,MQ,FQ,PQ,SQ,TQ,WQ,YQ,VQ,AG,RG,NG,DG,CG,EG,QG,GG,HG,IG,LG,KG,MG,FG,PG,SG,TG,WG,YG,VG,AH,RH,NH,DH,CH,EH,QH,GH,HH,IH,LH,KH,MH,FH,PH,SH,TH,WH,YH,VH,AI,RI,NI,DI,CI,EI,QI,GI,HI,II,LI,KI,MI,FI,PI,SI,TI,WI,YI,VI,AL,RL,NL,DL,CL,EL,QL,GL,HL,IL,LL,KL,ML,FL,PL,SL,TL,WL,YL,VL,AK,RK,NK,DK,CK,EK,QK,GK,HK,IK,LK,KK,MK,FK,PK,SK,TK,WK,YK,VK,AM,RM,NM,DM,CM,EM,QM,GM,HM,IM,LM,KM,MM,FM,PM,SM,TM,WM,YM,VM,AF,RF,NF,DF,CF,EF,QF,GF,HF,IF,LF,KF,MF,FF,PF,SF,TF,WF,YF,VF,AP,RP,NP,DP,CP,EP,QP,GP,HP,IP,LP,KP,MP,FP,PP,SP,TP,WP,YP,VP,AS,RS,NS,DS,CS,ES,QS,GS,HS,IS,LS,KS,MS,FS,PS,SS,TS,WS,YS,VS,AT,RT,NT,DT,CT,ET,QT,GT,HT,IT,LT,KT,MT,FT,PT,ST,TT,WT,YT,VT,AW,RW,NW,DW,CW,EW,QW,GW,HW,IW,LW,KW,MW,FW,PW,SW,TW,WW,YW,VW,AY,RY,NY,DY,CY,EY,QY,GY,HY,IY,LY,KY,MY,FY,PY,SY,TY,WY,YY,VY,AV,RV,NV,DV,CV,EV,QV,GV,HV,IV,LV,KV,MV,FV,PV,SV,TV,WV,YV,VV,_PolarizabilityC1,_PolarizabilityC2,_PolarizabilityC3,_SolventAccessibilityC1,_SolventAccessibilityC2,_SolventAccessibilityC3,_SecondaryStrC1,_SecondaryStrC2,_SecondaryStrC3,_ChargeC1,_ChargeC2,_ChargeC3,_PolarityC1,_PolarityC2,_PolarityC3,_NormalizedVDWVC1,_NormalizedVDWVC2,_NormalizedVDWVC3,_HydrophobicityC1,_HydrophobicityC2,_HydrophobicityC3,_PolarizabilityT12,_PolarizabilityT13,_PolarizabilityT23,_SolventAccessibilityT12,_SolventAccessibilityT13,_SolventAccessibilityT23,_SecondaryStrT12,_SecondaryStrT13,_SecondaryStrT23,_ChargeT12,_ChargeT13,_ChargeT23,_PolarityT12,_PolarityT13,_PolarityT23,_NormalizedVDWVT12,_NormalizedVDWVT13,_NormalizedVDWVT23,_HydrophobicityT12,_HydrophobicityT13,_HydrophobicityT23,_PolarizabilityD1001,_PolarizabilityD1025,_PolarizabilityD1050,_PolarizabilityD1075,_PolarizabilityD1100,_PolarizabilityD2001,_PolarizabilityD2025,_PolarizabilityD2050,_PolarizabilityD2075,_PolarizabilityD2100,_PolarizabilityD3001,_PolarizabilityD3025,_PolarizabilityD3050,_PolarizabilityD3075,_PolarizabilityD3100,_SolventAccessibilityD1001,_SolventAccessibilityD1025,_SolventAccessibilityD1050,_SolventAccessibilityD1075,_SolventAccessibilityD1100,_SolventAccessibilityD2001,_SolventAccessibilityD2025,_SolventAccessibilityD2050,_SolventAccessibilityD2075,_SolventAccessibilityD2100,_SolventAccessibilityD3001,_SolventAccessibilityD3025,_SolventAccessibilityD3050,_SolventAccessibilityD3075,_SolventAccessibilityD3100,_SecondaryStrD1001,_SecondaryStrD1025,_SecondaryStrD1050,_SecondaryStrD1075,_SecondaryStrD1100,_SecondaryStrD2001,_SecondaryStrD2025,_SecondaryStrD2050,_SecondaryStrD2075,_SecondaryStrD2100,_SecondaryStrD3001,_SecondaryStrD3025,_SecondaryStrD3050,_SecondaryStrD3075,_SecondaryStrD3100,_ChargeD1001,_ChargeD1025,_ChargeD1050,_ChargeD1075,_ChargeD1100,_ChargeD2001,_ChargeD2025,_ChargeD2050,_ChargeD2075,_ChargeD2100,_ChargeD3001,_ChargeD3025,_ChargeD3050,_ChargeD3075,_ChargeD3100,_PolarityD1001,_PolarityD1025,_PolarityD1050,_PolarityD1075,_PolarityD1100,_PolarityD2001,_PolarityD2025,_PolarityD2050,_PolarityD2075,_PolarityD2100,_PolarityD3001,_PolarityD3025,_PolarityD3050,_PolarityD3075,_PolarityD3100,_NormalizedVDWVD1001,_NormalizedVDWVD1025,_NormalizedVDWVD1050,_NormalizedVDWVD1075,_NormalizedVDWVD1100,_NormalizedVDWVD2001,_NormalizedVDWVD2025,_NormalizedVDWVD2050,_NormalizedVDWVD2075,_NormalizedVDWVD2100,_NormalizedVDWVD3001,_NormalizedVDWVD3025,_NormalizedVDWVD3050,_NormalizedVDWVD3075,_NormalizedVDWVD3100,_HydrophobicityD1001,_HydrophobicityD1025,_HydrophobicityD1050,_HydrophobicityD1075,_HydrophobicityD1100,_HydrophobicityD2001,_HydrophobicityD2025,_HydrophobicityD2050,_HydrophobicityD2075,_HydrophobicityD2100,_HydrophobicityD3001,_HydrophobicityD3025,_HydrophobicityD3050,_HydrophobicityD3075,_HydrophobicityD3100
KT2,1,NGVQPKYKWWKWWKKWW,17,2434.8387,0.411764706,10.30154819,0,0,5.882,0,0,0,5.882,5.882,0,0,0,29.412,0,0,5.882,0,0,35.294,5.882,5.882,0,0,0,0,0,0,0,0,0,0,0,0,0,0,0,0,0,0,0,0,0,0,0,0,0,0,0,0,0,0,0,0,0,0,0,0,0,0,0,0,0,0,0,0,0,0,0,6.25,0,0,0,0,0,0,0,0,0,0,0,0,0,0,0,0,0,0,0,0,0,0,0,0,0,0,0,0,0,0,0,0,0,0,0,0,0,0,0,0,0,0,0,0,0,0,0,0,0,0,0,0,0,0,0,0,0,0,0,0,0,0,0,0,0,0,0,0,0,0,0,0,0,0,0,0,0,0,0,0,0,0,0,0,0,0,6.25,0,0,0,0,0,0,0,0,0,0,0,0,0,0,0,0,0,0,0,0,0,0,0,0,6.25,0,0,0,0,0,0,0,0,0,0,0,0,0,0,0,0,0,0,0,0,0,0,0,0,0,0,0,0,0,0,0,0,0,0,0,0,0,0,0,0,0,0,0,0,0,0,0,0,0,0,0,0,0,0,0,0,0,0,0,0,0,0,0,0,0,0,0,0,0,0,0,6.25,0,0,0,0,0,18.75,6.25,0,0,0,0,0,0,0,0,0,0,0,0,0,0,0,0,0,0,0,0,0,0,0,0,0,0,0,0,0,0,0,0,0,0,0,0,0,0,0,0,0,0,0,0,0,0,0,0,0,0,0,0,6.25,0,0,0,0,0,0,0,0,0,0,0,0,0,0,0,0,0,0,0,0,0,0,0,0,0,0,0,0,0,0,0,0,0,0,0,0,0,0,0,0,0,0,0,0,0,0,0,0,0,0,0,0,0,0,0,0,0,0,0,12.5,0,0,0,0,0,18.75,0,0,0,0,0,0,0,0,0,0,0,0,0,6.25,0,0,0,0,0,0,0,0,0,0,0,0,0,0,6.25,0,0,0,0,0,0,0,0,0,0,0,0,0,0.059,0.235,0.706,0.471,0.412,0.118,0.353,0.471,0.176,0.294,0.706,0,0.471,0.176,0.294,0.118,0.176,0.706,0.412,0.176,0.412,0.125,0,0.062,0.438,0,0.25,0.5,0.125,0.062,0.5,0,0,0.062,0.438,0.062,0.188,0.062,0,0.312,0.375,0.062,11.765,11.765,11.765,11.765,11.765,5.882,5.882,17.647,23.529,29.412,35.294,47.059,64.706,82.353,100,11.765,17.647,58.824,76.471,100,5.882,5.882,35.294,64.706,88.235,29.412,41.176,29.412,29.412,41.176,23.529,23.529,47.059,64.706,88.235,17.647,41.176,58.824,76.471,100,5.882,29.412,5.882,11.765,29.412,35.294,35.294,47.059,64.706,88.235,5.882,17.647,41.176,70.588,100,0,0,0,0,0,17.647,41.176,58.824,76.471,100,5.882,29.412,5.882,23.529,29.412,35.294,35.294,47.059,64.706,88.235,11.765,29.412,11.765,11.765,29.412,5.882,23.529,5.882,17.647,23.529,35.294,47.059,64.706,82.353,100,5.882,5.882,35.294,64.706,88.235,11.765,41.176,11.765,29.412,41.176,17.647,17.647,58.824,76.471,100
RT2,1,NGVQPKYRWWRWWRRWW,17,2546.8923,0.411764706,11.99996777,0,23.529,5.882,0,0,0,5.882,5.882,0,0,0,5.882,0,0,5.882,0,0,35.294,5.882,5.882,0,0,0,0,0,0,0,0,0,0,0,0,0,0,0,0,0,0,0,0,0,6.25,0,0,0,0,0,0,0,0,0,0,0,0,0,0,0,18.75,0,0,0,0,0,0,0,0,0,6.25,0,0,0,0,0,0,0,0,0,0,0,0,0,0,0,0,0,0,0,0,0,0,0,0,0,0,0,0,0,0,0,0,0,0,0,0,0,0,0,0,0,0,0,0,0,0,0,0,0,0,0,0,0,0,0,0,0,0,0,0,0,0,0,0,0,0,0,0,0,0,0,0,0,0,0,0,0,0,0,0,0,0,0,0,0,0,6.25,0,0,0,0,0,0,0,0,0,0,0,0,0,0,0,0,0,0,0,0,0,0,0,0,6.25,0,0,0,0,0,0,0,0,0,0,0,0,0,0,0,0,0,0,0,0,0,0,0,0,0,0,0,0,0,0,0,0,0,0,0,0,0,0,0,0,0,0,0,0,0,0,0,0,0,0,0,0,0,0,0,0,0,0,0,0,0,0,0,0,0,0,0,0,0,0,0,0,0,0,0,0,0,0,6.25,0,0,0,0,0,0,0,0,0,0,0,0,0,0,0,0,0,0,0,0,0,0,0,0,0,0,0,0,0,0,0,0,0,0,0,0,0,0,0,0,0,0,0,0,0,0,0,0,0,0,0,0,6.25,0,0,0,0,0,0,0,0,0,0,0,0,0,0,0,0,0,0,0,0,0,0,0,0,0,0,0,0,0,0,0,0,0,0,0,0,0,0,0,0,0,0,0,0,0,0,0,0,0,12.5,0,0,0,0,0,0,0,0,0,0,0,0,0,0,0,18.75,0,0,0,6.25,0,0,0,0,0,0,0,0,0,0,0,0,0,0,0,0,0,0,0,0,0,0,0,0,6.25,0,0,0,0,0,0,0,0,0,0,0,0,0,0.059,0.235,0.706,0.471,0.412,0.118,0.353,0.471,0.176,0.294,0.706,0,0.471,0.176,0.294,0.118,0.176,0.706,0.412,0.176,0.412,0.125,0,0.062,0.438,0,0.25,0.5,0.125,0.062,0.5,0,0,0.062,0.438,0.062,0.188,0.062,0,0.312,0.375,0.062,11.765,11.765,11.765,11.765,11.765,5.882,5.882,17.647,23.529,29.412,35.294,47.059,64.706,82.353,100,11.765,17.647,58.824,76.471,100,5.882,5.882,35.294,64.706,88.235,29.412,41.176,29.412,29.412,41.176,23.529,23.529,47.059,64.706,88.235,17.647,41.176,58.824,76.471,100,5.882,29.412,5.882,11.765,29.412,35.294,35.294,47.059,64.706,88.235,5.882,17.647,41.176,70.588,100,0,0,0,0,0,17.647,41.176,58.824,76.471,100,5.882,29.412,5.882,23.529,29.412,35.294,35.294,47.059,64.706,88.235,11.765,29.412,11.765,11.765,29.412,5.882,23.529,5.882,17.647,23.529,35.294,47.059,64.706,82.353,100,5.882,5.882,35.294,64.706,88.235,11.765,41.176,11.765,29.412,41.176,17.647,17.647,58.824,76.471,100
LJK6,1.5,VQWRRIRVWVIR,12,1667.0153,0.166666667,11.99996777,0,33.333,0,0,0,0,8.333,0,0,16.667,0,0,0,0,0,0,0,16.667,0,25,0,0,0,0,0,0,0,0,0,0,0,0,0,0,0,0,0,0,0,0,0,9.09,0,0,0,0,0,0,0,9.09,0,0,0,0,0,0,0,0,0,9.09,0,0,0,0,0,0,0,0,0,0,0,0,0,0,0,0,0,0,0,0,0,0,0,0,0,0,0,0,0,0,0,0,0,0,0,0,0,0,0,0,0,0,0,0,0,0,0,0,0,0,0,0,0,0,0,0,0,0,0,0,0,0,0,0,0,0,0,0,0,0,0,0,0,0,0,0,0,0,0,0,0,0,0,0,0,0,0,0,0,0,0,0,0,0,0,0,0,9.09,0,0,0,0,0,0,0,0,0,0,0,0,0,0,0,0,0,0,0,0,0,0,0,0,0,0,0,0,0,0,0,0,0,0,0,0,0,0,0,0,0,0,0,18.18,0,0,0,0,0,0,0,0,0,0,0,0,0,0,0,0,0,0,0,0,0,0,0,0,0,0,0,0,0,0,0,0,0,0,0,0,0,0,0,0,0,0,0,0,0,0,0,0,0,0,0,0,0,0,0,0,0,0,0,0,0,0,0,0,0,0,0,0,0,0,0,0,0,0,0,0,0,0,0,0,0,0,0,0,0,0,0,0,0,0,0,0,0,0,0,0,0,0,0,0,0,0,0,0,0,0,0,0,0,0,0,0,0,0,0,0,0,0,0,0,0,0,0,0,0,0,0,0,0,0,0,0,0,0,0,0,0,0,0,0,0,0,0,0,0,0,0,0,0,0,0,0,0,0,0,0,0,0,0,9.09,0,0,0,0,0,0,0,0,0,0,0,0,0,0,0,0,0,9.09,0,0,0,0,0,0,0,0,0,0,0,0,0,0,0,0,0,0,0,0,0,0,0,0,0,0,9.09,0,0,9.09,0,0,0,0,0,0,0,9.09,0,0,0,0.5,0.5,0.583,0.417,0,0.417,0.583,0,0.333,0.667,0,0.583,0.083,0.333,0,0.5,0.5,0.417,0,0.583,0,0,0.636,0.636,0,0,0.636,0,0,0.455,0,0,0.182,0.455,0,0,0,0.636,0,0.636,0,0,0,0,0,0,8.333,8.333,50,66.667,91.667,25,25,41.667,58.333,100,8.333,8.333,50,75,91.667,16.667,16.667,33.333,41.667,100,0,0,0,0,0,16.667,16.667,33.333,41.667,100,8.333,8.333,50,75,91.667,0,0,0,0,0,33.333,33.333,41.667,58.333,100,8.333,16.667,50,75,91.667,0,0,0,0,0,8.333,8.333,50,75,91.667,16.667,16.667,16.667,16.667,16.667,33.333,33.333,41.667,58.333,100,0,0,0,0,0,8.333,8.333,50,66.667,91.667,25,25,41.667,58.333,100,16.667,16.667,33.333,41.667,100,0,0,0,0,0,8.333,8.333,50,75,91.667
LJK5,1.61,VQWRAIRVRVIR,12,1551.8833,0.083333333,11.99996777,8.333,33.333,0,0,0,0,8.333,0,0,16.667,0,0,0,0,0,0,0,8.333,0,25,0,0,0,0,0,0,0,0,0,9.09,0,0,0,0,0,0,0,0,0,0,9.09,0,0,0,0,0,0,0,0,0,0,0,0,0,0,0,0,0,0,18.18,0,0,0,0,0,0,0,0,0,0,0,0,0,0,0,0,0,0,0,0,0,0,0,0,0,0,0,0,0,0,0,0,0,0,0,0,0,0,0,0,0,0,0,0,0,0,0,0,0,0,0,0,0,0,0,0,0,0,0,0,0,0,0,0,0,0,0,0,0,0,0,0,0,0,0,0,0,0,0,0,0,0,0,0,0,0,0,0,0,0,0,0,0,0,0,0,0,9.09,0,0,0,0,0,0,0,0,0,0,0,0,0,0,0,0,0,0,0,0,0,0,0,0,0,0,0,0,0,0,0,0,0,0,0,0,0,0,0,0,0,0,0,18.18,0,0,0,0,0,0,0,0,0,0,0,0,0,0,0,0,0,0,0,0,0,0,0,0,0,0,0,0,0,0,0,0,0,0,0,0,0,0,0,0,0,0,0,0,0,0,0,0,0,0,0,0,0,0,0,0,0,0,0,0,0,0,0,0,0,0,0,0,0,0,0,0,0,0,0,0,0,0,0,0,0,0,0,0,0,0,0,0,0,0,0,0,0,0,0,0,0,0,0,0,0,0,0,0,0,0,0,0,0,0,0,0,0,0,0,0,0,0,0,0,0,0,0,0,0,0,0,0,0,0,0,0,0,0,0,0,0,0,0,0,0,0,0,0,0,0,0,0,0,0,0,0,0,0,0,0,0,0,0,9.09,0,0,0,0,0,0,0,0,0,0,0,0,0,0,0,0,0,0,0,0,0,0,0,0,0,0,0,0,0,0,0,0,0,0,0,0,0,0,0,9.09,0,0,0,0,9.09,0,0,9.09,0,0,0,0,0,0,0,0,0,0,0.083,0.5,0.417,0.583,0.417,0,0.5,0.5,0,0.333,0.667,0,0.5,0.083,0.333,0.083,0.5,0.417,0.417,0.083,0.5,0.091,0.091,0.545,0.818,0,0,0.818,0,0,0.636,0,0,0.182,0.545,0,0.091,0.091,0.545,0.091,0.727,0.091,41.667,41.667,41.667,41.667,41.667,8.333,8.333,50,66.667,91.667,25,25,33.333,58.333,100,8.333,8.333,41.667,66.667,91.667,16.667,16.667,33.333,58.333,100,0,0,0,0,0,16.667,16.667,41.667,58.333,100,8.333,8.333,50,66.667,91.667,0,0,0,0,0,33.333,33.333,58.333,75,100,8.333,16.667,41.667,66.667,91.667,0,0,0,0,0,8.333,8.333,50,66.667,91.667,16.667,16.667,16.667,16.667,16.667,33.333,33.333,58.333,75,100,41.667,41.667,41.667,41.667,41.667,8.333,8.333,50,66.667,91.667,25,25,33.333,58.333,100,16.667,16.667,33.333,58.333,100,41.667,41.667,41.667,41.667,41.667,8.333,8.333,50,66.667,91.667
COLISTIN,2.56,KTKKKLLKKT,10,1215.5721,0,10.69931812,0,0,0,0,0,0,0,0,0,0,20,60,0,0,0,0,20,0,0,0,0,0,0,0,0,0,0,0,0,0,0,0,0,0,0,0,0,0,0,0,0,0,0,0,0,0,0,0,0,0,0,0,0,0,0,0,0,0,0,0,0,0,0,0,0,0,0,0,0,0,0,0,0,0,0,0,0,0,0,0,0,0,0,0,0,0,0,0,0,0,0,0,0,0,0,0,0,0,0,0,0,0,0,0,0,0,0,0,0,0,0,0,0,0,0,0,0,0,0,0,0,0,0,0,0,0,0,0,0,0,0,0,0,0,0,0,0,0,0,0,0,0,0,0,0,0,0,0,0,0,0,0,0,0,0,0,0,0,0,0,0,0,0,0,0,0,0,0,0,0,0,0,0,0,0,0,0,0,0,0,0,0,0,0,0,0,0,0,0,0,0,0,0,0,0,0,0,0,0,0,0,0,0,0,0,0,0,0,0,0,0,0,0,0,0,0,0,0,0,0,0,0,0,0,0,0,0,0,0,0,11.11,11.11,0,0,0,0,0,0,0,0,0,0,0,0,0,0,0,0,0,0,11.11,22.22,0,0,0,0,22.22,0,0,0,0,0,0,0,0,0,0,0,0,0,0,0,0,0,0,0,0,0,0,0,0,0,0,0,0,0,0,0,0,0,0,0,0,0,0,0,0,0,0,0,0,0,0,0,0,0,0,0,0,0,0,0,0,0,0,0,0,0,0,0,0,0,0,0,0,0,0,0,0,0,0,0,0,0,0,0,0,0,0,0,0,0,0,0,0,0,0,0,0,0,0,11.11,0,0,0,0,0,0,0,0,0,0,0,0,0,0,0,0,0,0,0,0,0,0,0,0,0,0,0,0,0,0,0,0,0,0,0,0,0,0,0,0,0,0,0,0,0,0,0,0,0,0,0,0,0,0,0,0,0,0,0,0,0,0,0,0,0,0,0,0,0.2,0.2,0.6,0.2,0.6,0.2,0.8,0.2,0,0.6,0.4,0,0.2,0,0.6,0.2,0.2,0.6,0.6,0.2,0.2,0,0.333,0.222,0.222,0,0.333,0.333,0,0,0.556,0,0,0,0.222,0,0,0.333,0.222,0.333,0.222,0,20,100,20,20,100,60,70,60,60,70,10,10,40,50,90,60,70,60,60,70,10,10,40,50,90,20,100,20,20,100,10,30,50,70,90,20,100,20,20,100,0,0,0,0,0,10,10,40,50,90,20,20,60,70,100,0,0,0,0,0,60,70,60,60,70,0,0,0,0,0,10,10,40,50,90,20,100,20,20,100,60,70,60,60,70,10,10,40,50,90,10,10,40,50,90,20,100,20,20,100,60,70,60,60,70
COPRISIN,4.49,VTCDVLSFEAKGIAVNHSACALHCIALRKKGGSCQNGVCVCRN,43,4477.2253,0.023255814,8.673721504,11.628,4.651,6.977,2.326,13.953,2.326,2.326,9.302,4.651,4.651,6.977,6.977,0,2.326,0,6.977,2.326,0,0,11.628,0,0,0,0,2.38,0,0,0,0,0,4.76,2.38,0,0,0,0,0,0,0,2.38,0,0,2.38,0,0,0,0,0,0,0,0,2.38,0,0,0,0,0,0,0,0,0,0,0,0,0,0,0,2.38,2.38,0,0,0,0,0,0,0,0,0,0,0,0,0,0,0,0,0,0,0,0,0,0,0,0,0,0,0,0,0,0,2.38,2.38,2.38,0,2.38,0,0,2.38,0,0,2.38,0,0,0,0,0,0,0,0,0,2.38,2.38,0,0,0,0,0,0,0,0,0,0,0,0,0,0,0,0,0,0,0,0,0,2.38,0,0,0,0,0,0,0,0,0,0,0,0,0,0,0,0,0,0,0,0,0,0,0,0,2.38,0,2.38,0,0,0,0,0,2.38,0,0,0,2.38,0,0,0,0,2.38,0,0,0,0,0,0,0,0,0,0,2.38,0,0,0,0,4.76,0,0,0,0,0,0,0,0,0,0,0,0,0,0,0,0,0,0,0,0,2.38,0,0,0,0,0,0,2.38,0,0,0,0,0,0,2.38,0,0,0,0,0,0,0,0,0,0,0,4.76,0,0,0,2.38,0,0,0,0,0,0,0,0,0,0,0,0,0,0,0,0,0,0,0,0,0,0,0,0,0,0,0,0,0,0,0,0,0,2.38,0,0,0,0,0,0,0,0,0,0,0,0,0,0,0,0,0,0,0,0,0,0,0,0,0,0,0,0,0,0,0,0,0,0,2.38,0,0,0,2.38,0,0,0,0,0,0,0,0,2.38,0,0,0,0,0,0,0,0,0,0,2.38,0,0,0,0,0,0,0,0,0,0,0,0,0,0,0,0,0,0,0,0,0,0,0,0,0,0,0,0,0,0,0,0,0,0,0,0,0,0,0,0,0,0,0,0,0,0,0,0,0,0,0,0,0,0,0,0,0,2.38,0,4.76,0,0,0,0,0,2.38,0,0,0,0,0,2.38,0,0,0,0.326,0.488,0.186,0.605,0.256,0.14,0.395,0.349,0.256,0.116,0.837,0.047,0.395,0.116,0.163,0.326,0.349,0.186,0.256,0.349,0.395,0.405,0.119,0.167,0.286,0.214,0.024,0.238,0.19,0.167,0.143,0,0.095,0.071,0.095,0.048,0.286,0.119,0.119,0.143,0.167,0.381,4.651,16.279,41.86,60.465,86.047,2.326,20.93,51.163,81.395,100,18.605,25.581,53.488,67.442,97.674,2.326,23.256,48.837,72.093,95.349,9.302,20.93,65.116,81.395,100,4.651,4.651,39.535,41.86,76.744,13.953,25.581,48.837,62.791,97.674,2.326,6.977,34.884,79.07,95.349,9.302,16.279,41.86,76.744,100,25.581,25.581,65.116,67.442,97.674,2.326,27.907,48.837,76.744,100,9.302,20.93,9.302,9.302,20.93,2.326,13.953,46.512,62.791,95.349,20.93,20.93,37.209,81.395,100,25.581,25.581,53.488,67.442,97.674,4.651,16.279,41.86,60.465,86.047,2.326,13.953,37.209,81.395,100,18.605,25.581,53.488,67.442,97.674,9.302,20.93,65.116,81.395,100,4.651,23.256,41.86,60.465,86.047,2.326,13.953,46.512,62.791,95.349
PHYLLOSEPTIN-1,5,FLSLIPHIVSGVASIAKHF,19,2036.418,0.105263158,8.764170647,10.526,0,0,0,0,0,0,5.263,10.526,15.789,10.526,5.263,0,10.526,5.263,15.789,0,0,0,10.526,0,0,0,0,0,0,0,0,0,0,0,5.56,0,0,0,5.56,0,0,0,0,0,0,0,0,0,0,0,0,0,0,0,0,0,0,0,0,0,0,0,0,0,0,0,0,0,0,0,0,0,0,0,0,0,0,0,0,0,0,0,0,0,0,0,0,0,0,0,0,0,0,0,0,0,0,0,0,0,0,0,0,0,0,0,0,0,0,0,0,0,0,0,0,0,0,0,0,0,0,0,0,0,0,0,0,0,0,0,0,0,0,0,0,0,0,0,0,0,0,0,0,0,0,0,0,0,0,0,0,0,0,0,0,0,0,0,0,0,0,0,0,0,0,0,0,0,0,0,0,0,0,0,0,0,0,0,0,0,0,0,5.56,0,0,0,0,0,0,0,0,0,5.56,0,0,0,5.56,0,0,0,0,0,0,5.56,0,0,0,0,0,0,0,0,0,0,0,0,0,5.56,0,0,0,0,5.56,0,0,0,0,0,0,0,0,0,5.56,0,0,0,0,0,5.56,0,0,0,0,0,0,0,0,0,0,0,0,5.56,0,0,0,0,0,0,0,0,0,0,0,0,0,0,0,0,0,0,0,0,0,0,0,0,0,0,0,0,0,0,0,0,0,0,0,0,0,0,0,0,0,5.56,0,0,0,0,0,0,0,0,0,0,0,0,0,0,0,0,0,5.56,0,0,0,0,0,0,0,0,0,0,0,0,0,0,0,0,0,0,5.56,0,5.56,5.56,0,0,0,0,0,0,0,0,0,0,0,0,0,0,0,0,0,0,0,0,0,0,0,0,0,0,0,0,0,0,0,0,0,0,0,0,0,0,0,0,0,0,0,0,0,0,0,0,0,0,0,0,0,0,0,0,0,0,0,0,0,0,0,0,0,0,0,0,0,5.56,0,0,0,0,0,0,0,0,0,0,0,0,0,0,5.56,0,0,0,0,0.316,0.421,0.263,0.632,0.053,0.316,0.368,0.368,0.263,0.053,0.947,0,0.474,0.053,0.158,0.368,0.368,0.263,0.053,0.474,0.474,0.389,0.056,0.167,0.056,0.5,0.056,0.333,0.222,0.222,0.111,0,0,0.056,0.111,0.056,0.444,0.111,0.111,0.111,0,0.556,15.789,15.789,57.895,68.421,84.211,10.526,21.053,31.579,47.368,78.947,5.263,5.263,36.842,89.474,100,5.263,21.053,47.368,68.421,100,89.474,89.474,89.474,89.474,89.474,15.789,15.789,36.842,52.632,94.737,10.526,10.526,36.842,84.211,94.737,5.263,5.263,42.105,63.158,100,15.789,15.789,31.579,52.632,73.684,89.474,89.474,89.474,89.474,89.474,5.263,21.053,47.368,68.421,100,0,0,0,0,0,5.263,10.526,26.316,47.368,100,31.579,31.579,31.579,31.579,31.579,36.842,94.737,36.842,89.474,94.737,15.789,15.789,52.632,68.421,84.211,10.526,10.526,26.316,47.368,78.947,5.263,5.263,36.842,89.474,100,89.474,89.474,89.474,89.474,89.474,15.789,31.579,52.632,68.421,94.737,5.263,10.526,26.316,47.368,100
ESCULENTIN,6,GIFSKLAGKKIKNLLISGLKG,21,2185.6941,0.047619048,10.60248661,4.762,0,4.762,0,0,0,0,19.048,0,14.286,19.048,23.81,0,4.762,0,9.524,0,0,0,0,0,0,0,0,0,0,0,5,0,0,0,0,0,0,0,0,0,0,0,0,0,0,0,0,0,0,0,0,0,0,0,0,0,0,0,0,0,0,0,0,0,0,0,0,0,0,0,0,0,0,5,0,0,0,0,0,0,0,0,0,0,0,0,0,0,0,0,0,0,0,0,0,0,0,0,0,0,0,0,0,0,0,0,0,0,0,0,0,0,0,0,0,0,0,0,0,0,0,0,0,0,0,0,0,0,0,0,0,0,0,0,0,0,0,0,0,0,0,0,0,0,0,0,0,0,0,0,0,0,0,0,0,0,0,0,0,0,0,0,0,0,0,0,0,0,0,0,0,0,5,5,5,0,0,0,0,0,0,0,0,0,0,0,0,0,0,0,0,0,0,0,0,0,0,0,0,0,0,0,0,0,0,0,0,0,0,0,0,0,0,0,5,0,5,0,5,0,0,0,0,5,0,0,0,0,0,0,0,0,5,5,5,0,0,0,0,0,0,0,0,0,0,5,0,0,0,0,5,0,5,5,5,0,0,0,0,0,0,0,0,0,0,0,0,0,0,0,0,0,0,0,0,0,0,0,0,0,0,0,0,0,0,0,0,0,0,0,0,0,0,0,0,0,0,0,5,0,0,0,0,0,0,0,0,0,0,0,0,0,0,0,0,0,0,0,0,0,0,0,0,0,0,0,0,0,0,0,5,0,0,0,5,0,0,0,0,0,0,0,0,0,0,0,0,0,0,0,0,0,0,0,0,0,0,0,0,0,0,0,0,0,0,0,0,0,0,0,0,0,0,0,0,0,0,0,0,0,0,0,0,0,0,0,0,0,0,0,0,0,0,0,0,0,0,0,0,0,0,0,0,0,0,0,0,0,0,0,0,0,0,0,0,0,0,0,0,0,0,0,0,0.333,0.381,0.286,0.619,0.286,0.095,0.476,0.19,0.333,0.238,0.762,0,0.381,0.048,0.238,0.333,0.381,0.286,0.286,0.333,0.381,0.2,0.2,0.3,0.35,0.15,0.05,0.15,0.35,0.15,0.4,0,0,0.05,0.2,0.05,0.2,0.2,0.3,0.15,0.25,0.25,4.762,4.762,33.333,80.952,100,9.524,28.571,61.905,71.429,90.476,14.286,14.286,42.857,47.619,95.238,4.762,14.286,38.095,71.429,100,23.81,23.81,47.619,57.143,95.238,19.048,80.952,19.048,19.048,80.952,23.81,28.571,47.619,66.667,95.238,9.524,9.524,14.286,52.381,76.19,4.762,4.762,38.095,80.952,100,23.81,23.81,42.857,47.619,95.238,4.762,19.048,52.381,76.19,100,0,0,0,0,0,9.524,14.286,52.381,71.429,90.476,61.905,61.905,61.905,61.905,61.905,23.81,23.81,42.857,47.619,95.238,4.762,4.762,33.333,80.952,100,9.524,28.571,61.905,71.429,90.476,14.286,14.286,42.857,47.619,95.238,23.81,23.81,47.619,57.143,95.238,4.762,4.762,33.333,80.952,100,9.524,14.286,52.381,71.429,90.476
HE4,6.16,VRLIWAVRIWRR,12,1623.9906,0.166666667,11.99996777,8.333,33.333,0,0,0,0,0,0,0,16.667,8.333,0,0,0,0,0,0,16.667,0,16.667,0,0,0,0,0,0,0,0,0,0,0,0,0,0,0,0,0,0,0,9.09,0,9.09,0,0,0,0,0,0,0,9.09,9.09,0,0,0,0,0,0,0,0,0,0,0,0,0,0,0,0,0,0,0,0,0,0,0,0,0,0,0,0,0,0,0,0,0,0,0,0,0,0,0,0,0,0,0,0,0,0,0,0,0,0,0,0,0,0,0,0,0,0,0,0,0,0,0,0,0,0,0,0,0,0,0,0,0,0,0,0,0,0,0,0,0,0,0,0,0,0,0,0,0,0,0,0,0,0,0,0,0,0,0,0,0,0,0,0,0,0,0,0,0,0,0,0,0,0,0,0,0,0,0,0,0,0,0,0,0,0,0,0,0,0,0,0,0,0,0,0,0,0,0,0,0,0,0,0,0,0,0,0,0,0,0,0,0,0,0,0,0,0,0,0,0,0,0,0,0,0,18.18,0,0,0,0,0,0,0,0,0,0,0,9.09,0,0,0,0,0,0,0,0,0,0,0,0,0,0,0,0,0,0,0,0,0,0,0,0,0,0,0,0,0,0,0,0,0,0,0,0,0,0,0,0,0,0,0,0,0,0,0,0,0,0,0,0,0,0,0,0,0,0,0,0,0,0,0,0,0,0,0,0,0,0,0,0,0,0,0,0,0,0,0,0,0,0,0,0,0,0,0,0,0,0,0,0,0,0,0,0,0,0,0,0,0,0,0,0,0,0,0,0,0,0,0,0,0,0,0,0,0,0,0,0,0,0,0,0,0,0,0,0,0,0,9.09,9.09,0,0,0,0,0,0,0,0,0,0,0,0,0,0,0,0,0,0,0,0,0,0,0,0,0,0,0,0,0,0,0,0,0,0,0,0,0,0,0,18.18,0,0,0,0,0,0,0,0,0,0,0,0,0,0,0,0,0,0,0.083,0.417,0.5,0.667,0.333,0,0.5,0.5,0,0.333,0.667,0,0.583,0,0.333,0.083,0.417,0.5,0.333,0.083,0.583,0.091,0.091,0.545,0.455,0,0,0.636,0,0,0.455,0,0,0,0.455,0,0.091,0.091,0.545,0,0.455,0.182,50,50,50,50,50,8.333,8.333,25,33.333,75,16.667,16.667,66.667,83.333,100,8.333,25,41.667,58.333,83.333,16.667,16.667,66.667,91.667,100,0,0,0,0,0,16.667,16.667,50,66.667,100,8.333,8.333,41.667,58.333,83.333,0,0,0,0,0,16.667,16.667,66.667,91.667,100,8.333,25,41.667,58.333,83.333,0,0,0,0,0,8.333,8.333,33.333,58.333,83.333,0,0,0,0,0,16.667,16.667,66.667,91.667,100,50,50,50,50,50,8.333,8.333,25,33.333,75,16.667,16.667,66.667,83.333,100,16.667,16.667,66.667,91.667,100,50,50,50,50,50,8.333,8.333,33.333,58.333,83.333
BMAP-27,6.2,GRFKRFRKKFKKLFKKLSPVIPLLHL,26,3226.0486,0.153846154,11.99996777,0,11.538,0,0,0,0,0,3.846,3.846,3.846,19.231,26.923,0,15.385,7.692,3.846,0,0,0,3.846,0,0,0,0,0,0,0,0,0,0,0,0,0,0,0,0,0,0,0,0,0,0,0,0,0,0,0,0,0,0,0,4,0,8,0,0,0,0,0,0,0,0,0,0,0,0,0,0,0,0,0,0,0,0,0,0,0,0,0,0,0,0,0,0,0,0,0,0,0,0,0,0,0,0,0,0,0,0,0,0,0,0,0,0,0,0,0,0,0,0,0,0,0,0,0,0,0,0,0,0,0,0,0,0,0,0,0,0,0,0,0,0,0,0,0,0,0,0,0,0,0,0,0,0,0,0,0,0,0,0,0,0,0,0,0,0,0,0,0,0,0,4,0,0,0,0,0,0,0,0,0,0,0,0,0,0,0,0,0,0,0,0,0,0,0,0,0,0,0,0,4,0,0,0,0,0,0,0,0,0,0,0,0,0,0,0,0,0,0,0,0,0,0,0,4,0,0,0,0,0,0,0,0,0,0,0,0,0,4,0,4,0,0,4,0,4,0,0,0,0,0,4,0,0,0,0,0,0,0,0,8,12,0,4,0,0,0,0,0,0,0,0,0,0,0,0,0,0,0,0,0,0,0,0,0,0,0,0,0,0,0,4,0,0,0,0,0,0,0,0,0,12,0,0,0,0,0,0,0,0,0,0,0,0,0,0,0,0,0,0,4,0,0,0,0,0,0,0,0,4,0,0,0,0,0,0,0,0,0,0,0,0,0,0,4,0,0,0,0,0,0,0,0,0,0,0,0,0,0,0,0,0,0,0,0,0,0,0,0,0,0,0,0,0,0,0,0,0,0,0,0,0,0,0,0,0,0,0,0,0,0,0,0,0,0,0,0,0,0,0,0,0,0,0,0,0,0,0,0,0,0,0,0,0,0,0,0,0,0,4,0,0,0,0,0,0,0,0,0,0,0.077,0.346,0.577,0.462,0.385,0.154,0.615,0.231,0.154,0.385,0.615,0,0.423,0.077,0.423,0.154,0.269,0.577,0.385,0.192,0.423,0.08,0.04,0.2,0.4,0.24,0,0.32,0.12,0.08,0.4,0,0,0.12,0.44,0,0.16,0.04,0.2,0.04,0.36,0.24,3.846,69.231,3.846,3.846,69.231,50,65.385,76.923,84.615,100,7.692,15.385,30.769,46.154,96.154,3.846,23.077,53.846,80.769,100,7.692,15.385,30.769,42.308,61.538,69.231,69.231,73.077,84.615,96.154,7.692,26.923,46.154,65.385,100,11.538,11.538,38.462,53.846,80.769,3.846,3.846,69.231,73.077,84.615,7.692,15.385,30.769,42.308,61.538,3.846,38.462,69.231,84.615,100,0,0,0,0,0,11.538,23.077,53.846,80.769,100,73.077,84.615,73.077,73.077,84.615,7.692,15.385,30.769,46.154,96.154,3.846,3.846,69.231,73.077,84.615,50,50,76.923,88.462,100,7.692,15.385,30.769,46.154,96.154,7.692,15.385,30.769,42.308,61.538,3.846,3.846,69.231,73.077,96.154,11.538,23.077,53.846,80.769,100
SMAP-29,6.25,RGLRRLGRKIAHGVKKYGPTVLRIIRIA,28,3198.9042,0.035714286,11.99996777,7.143,21.429,0,0,0,0,0,14.286,3.571,14.286,10.714,10.714,0,0,3.571,0,3.571,0,3.571,7.143,0,0,0,0,0,0,0,0,3.7,0,0,0,0,0,0,0,0,0,0,0,0,3.7,0,0,0,0,0,3.7,0,7.41,3.7,3.7,0,0,0,0,0,0,0,0,0,0,0,0,0,0,0,0,0,0,0,0,0,0,0,0,0,0,0,0,0,0,0,0,0,0,0,0,0,0,0,0,0,0,0,0,0,0,0,0,0,0,0,0,0,0,0,0,0,0,0,0,0,0,0,0,0,0,0,0,0,0,0,0,0,0,0,0,0,0,0,0,0,0,0,0,0,0,0,0,0,0,0,0,0,0,0,0,0,0,0,0,0,0,0,0,0,0,0,0,0,3.7,0,0,0,0,0,0,0,0,3.7,0,0,0,3.7,0,0,0,0,3.7,0,0,0,0,0,0,0,3.7,0,0,0,0,0,0,0,0,0,0,0,0,7.41,3.7,0,0,0,0,0,0,0,3.7,0,0,0,0,0,0,0,0,0,0,0,7.41,0,0,0,0,0,3.7,0,0,0,0,0,0,0,0,0,0,0,0,0,0,0,0,0,0,0,0,0,3.7,0,3.7,0,0,0,0,0,0,3.7,0,0,0,0,0,0,0,0,0,0,0,0,0,0,0,0,0,0,0,0,0,0,0,0,0,0,0,0,0,0,0,0,0,0,0,0,0,0,0,0,0,0,0,0,0,0,0,0,0,0,0,0,0,0,0,0,0,3.7,0,0,0,0,0,0,0,0,0,0,0,0,0,0,0,0,0,0,0,0,0,0,0,0,0,0,0,0,0,0,0,0,0,0,0,0,0,0,0,0,0,0,3.7,0,0,0,0,0,0,0,0,0,0,0,0,0,0,0,0,0,0,0,0,0,0,0,0,0,0,0,3.7,0,0,0,0,0,0,0,0,0,0,0,0,0,0,0,0,0,0,0,0,0,0,3.7,3.7,0,0,0,0,0,0,0,0,0.25,0.357,0.393,0.536,0.321,0.143,0.536,0.286,0.179,0.321,0.679,0,0.357,0.036,0.357,0.286,0.321,0.393,0.321,0.357,0.321,0.296,0.185,0.296,0.37,0.185,0.037,0.333,0.185,0.111,0.407,0,0,0,0.333,0,0.222,0.185,0.296,0.111,0.296,0.222,7.143,7.143,39.286,64.286,100,10.714,21.429,67.857,78.571,96.429,3.571,14.286,32.143,57.143,92.857,7.143,21.429,46.429,78.571,100,3.571,14.286,28.571,53.571,92.857,42.857,42.857,60.714,67.857,71.429,3.571,14.286,32.143,57.143,100,35.714,50,71.429,85.714,96.429,7.143,7.143,25,46.429,67.857,3.571,14.286,28.571,53.571,92.857,7.143,25,50,75,100,0,0,0,0,0,10.714,21.429,60.714,78.571,96.429,67.857,67.857,67.857,67.857,67.857,3.571,14.286,32.143,53.571,92.857,7.143,25,46.429,67.857,100,10.714,21.429,50,78.571,96.429,3.571,14.286,32.143,57.143,92.857,3.571,14.286,28.571,53.571,92.857,7.143,25,46.429,64.286,100,10.714,21.429,50,78.571,96.429
BMAP-28,6.5,GGLRSLGRKILRAWKKYGPIIVPIIRI,27,3074.7983,0.074074074,11.99996777,3.704,14.815,0,0,0,0,0,14.815,0,22.222,11.111,11.111,0,0,7.407,3.704,0,3.704,3.704,3.704,0,0,0,0,0,0,0,0,0,0,0,0,0,0,0,0,0,3.85,0,0,3.85,0,0,0,0,0,0,0,0,3.85,0,3.85,0,0,0,3.85,0,0,0,0,0,0,0,0,0,0,0,0,0,0,0,0,0,0,0,0,0,0,0,0,0,0,0,0,0,0,0,0,0,0,0,0,0,0,0,0,0,0,0,0,0,0,0,0,0,0,0,0,0,0,0,0,0,0,0,0,0,0,0,0,0,0,0,0,0,0,0,0,0,0,0,0,0,0,0,0,0,0,0,0,0,0,0,0,0,0,0,0,0,0,0,0,0,0,0,0,0,0,0,0,0,3.85,0,0,0,0,0,3.85,0,0,3.85,0,0,0,3.85,0,0,0,0,0,0,0,0,0,0,0,0,0,0,0,0,0,0,0,0,0,0,0,0,0,0,3.85,0,0,0,0,0,0,0,7.69,3.85,0,0,0,0,0,0,0,0,3.85,0,7.69,0,0,0,0,0,3.85,0,0,0,0,0,0,0,0,0,0,0,0,0,0,0,0,0,0,0,0,0,3.85,0,3.85,0,0,0,0,0,0,3.85,0,0,0,0,0,0,0,0,0,0,0,0,0,0,0,0,0,0,0,0,0,0,0,0,0,0,0,0,0,0,0,0,0,0,0,0,0,0,0,0,0,0,0,0,0,0,0,0,0,0,7.69,0,0,0,0,0,0,0,0,0,0,0,0,0,0,0,0,0,0,0,0,3.85,0,0,0,0,0,0,0,0,0,0,0,0,0,0,0,0,0,0,0,0,0,0,0,0,0,0,0,0,0,0,0,0,0,0,0,0,0,0,0,0,3.85,0,0,0,0,0,0,0,0,0,0,0,0,0,0,0,3.85,0,0,0,0,0,0,0,0,0,0,0,0,0,0,0,0,0,0,0,0,0,0,0,0,0,0,3.85,0,0,0,0,0,0.222,0.444,0.333,0.593,0.259,0.148,0.407,0.333,0.259,0.259,0.741,0,0.444,0.074,0.259,0.296,0.37,0.333,0.259,0.333,0.407,0.154,0.192,0.192,0.308,0.231,0.077,0.269,0.192,0.154,0.385,0,0,0.115,0.269,0,0.231,0.192,0.192,0.154,0.231,0.269,3.704,3.704,18.519,25.926,66.667,11.111,37.037,74.074,85.185,100,14.815,29.63,44.444,55.556,96.296,3.704,22.222,48.148,77.778,100,14.815,14.815,33.333,55.556,96.296,18.519,18.519,62.963,70.37,85.185,11.111,14.815,33.333,48.148,96.296,37.037,51.852,74.074,81.481,100,3.704,3.704,18.519,66.667,85.185,14.815,14.815,33.333,55.556,96.296,3.704,22.222,51.852,77.778,100,0,0,0,0,0,11.111,37.037,62.963,81.481,100,70.37,85.185,70.37,70.37,85.185,14.815,14.815,33.333,55.556,96.296,3.704,7.407,25.926,66.667,85.185,11.111,22.222,74.074,81.481,100,14.815,29.63,44.444,55.556,96.296,14.815,14.815,33.333,55.556,96.296,3.704,7.407,25.926,62.963,85.185,11.111,22.222,51.852,81.481,100
1018,6.51,VRLIVAVRIWRR,12,1536.9117,0.083333333,11.99996777,8.333,33.333,0,0,0,0,0,0,0,16.667,8.333,0,0,0,0,0,0,8.333,0,25,0,0,0,0,0,0,0,0,0,0,0,0,0,0,0,0,0,0,0,9.09,0,9.09,0,0,0,0,0,0,0,9.09,9.09,0,0,0,0,0,0,0,0,0,0,0,0,0,0,0,0,0,0,0,0,0,0,0,0,0,0,0,0,0,0,0,0,0,0,0,0,0,0,0,0,0,0,0,0,0,0,0,0,0,0,0,0,0,0,0,0,0,0,0,0,0,0,0,0,0,0,0,0,0,0,0,0,0,0,0,0,0,0,0,0,0,0,0,0,0,0,0,0,0,0,0,0,0,0,0,0,0,0,0,0,0,0,0,0,0,0,0,0,0,0,0,0,0,0,0,0,0,0,0,0,0,0,0,0,0,0,0,0,0,0,0,0,0,0,0,0,0,0,0,0,0,0,0,0,0,0,0,0,0,0,0,0,0,0,0,0,0,0,0,0,0,0,0,0,0,0,9.09,0,9.09,0,0,0,0,0,0,0,0,0,9.09,0,0,0,0,0,0,0,0,0,0,0,0,0,0,0,0,0,0,0,0,0,0,0,0,0,0,0,0,0,0,0,0,0,0,0,0,0,0,0,0,0,0,0,0,0,0,0,0,0,0,0,0,0,0,0,0,0,0,0,0,0,0,0,0,0,0,0,0,0,0,0,0,0,0,0,0,0,0,0,0,0,0,0,0,0,0,0,0,0,0,0,0,0,0,0,0,0,0,0,0,0,0,0,0,0,0,0,0,0,0,0,0,0,0,0,0,0,0,0,0,0,0,0,0,0,0,0,0,0,0,0,9.09,0,0,0,0,0,0,0,0,0,0,0,0,0,0,0,0,0,0,0,0,0,0,0,0,0,0,0,0,0,0,0,0,0,0,0,0,0,0,9.09,18.18,0,0,0,0,0,0,0,0,0,0,0,0,0,0,0,0,0,0,0.083,0.5,0.417,0.667,0.333,0,0.5,0.5,0,0.333,0.667,0,0.583,0,0.333,0.083,0.5,0.417,0.333,0.083,0.583,0.182,0,0.455,0.455,0,0,0.636,0,0,0.455,0,0,0,0.455,0,0.182,0,0.455,0,0.455,0.182,50,50,50,50,50,8.333,8.333,33.333,41.667,75,16.667,16.667,66.667,83.333,100,8.333,25,41.667,58.333,83.333,16.667,16.667,66.667,91.667,100,0,0,0,0,0,16.667,16.667,50,66.667,100,8.333,8.333,41.667,58.333,83.333,0,0,0,0,0,16.667,16.667,66.667,91.667,100,8.333,25,41.667,58.333,83.333,0,0,0,0,0,8.333,8.333,33.333,58.333,83.333,0,0,0,0,0,16.667,16.667,66.667,91.667,100,50,50,50,50,50,8.333,8.333,33.333,41.667,75,16.667,16.667,66.667,83.333,100,16.667,16.667,66.667,91.667,100,50,50,50,50,50,8.333,8.333,33.333,58.333,83.333
HE10,7.32,VRLIVRIWRR,10,1366.7028,0.1,11.99996777,0,40,0,0,0,0,0,0,0,20,10,0,0,0,0,0,0,10,0,20,0,0,0,0,0,0,0,0,0,0,0,0,0,0,0,0,0,0,0,0,0,11.11,0,0,0,0,0,0,0,11.11,11.11,0,0,0,0,0,0,0,0,0,0,0,0,0,0,0,0,0,0,0,0,0,0,0,0,0,0,0,0,0,0,0,0,0,0,0,0,0,0,0,0,0,0,0,0,0,0,0,0,0,0,0,0,0,0,0,0,0,0,0,0,0,0,0,0,0,0,0,0,0,0,0,0,0,0,0,0,0,0,0,0,0,0,0,0,0,0,0,0,0,0,0,0,0,0,0,0,0,0,0,0,0,0,0,0,0,0,0,0,0,0,0,0,0,0,0,0,0,0,0,0,0,0,0,0,0,0,0,0,0,0,0,0,0,0,0,0,0,0,0,0,0,0,0,0,0,0,0,0,0,0,0,0,0,0,0,0,0,0,0,0,0,0,0,0,0,0,11.11,0,11.11,0,0,0,0,0,0,0,0,0,11.11,0,0,0,0,0,0,0,0,0,0,0,0,0,0,0,0,0,0,0,0,0,0,0,0,0,0,0,0,0,0,0,0,0,0,0,0,0,0,0,0,0,0,0,0,0,0,0,0,0,0,0,0,0,0,0,0,0,0,0,0,0,0,0,0,0,0,0,0,0,0,0,0,0,0,0,0,0,0,0,0,0,0,0,0,0,0,0,0,0,0,0,0,0,0,0,0,0,0,0,0,0,0,0,0,0,0,0,0,0,0,0,0,0,0,0,0,0,0,0,0,0,0,0,0,0,0,0,0,0,0,0,11.11,0,0,0,0,0,0,0,0,0,0,0,0,0,0,0,0,0,0,0,0,0,0,0,0,0,0,0,0,0,0,0,0,0,0,0,0,0,0,0,22.22,0,0,0,0,0,0,0,0,0,0,0,0,0,0,0,0,0,0,0,0.5,0.5,0.6,0.4,0,0.5,0.5,0,0.4,0.6,0,0.6,0,0.4,0,0.5,0.5,0.4,0,0.6,0,0,0.556,0.556,0,0,0.556,0,0,0.556,0,0,0,0.556,0,0,0,0.556,0,0.556,0,0,0,0,0,0,10,10,30,40,70,20,20,60,80,100,10,10,40,50,80,20,20,60,90,100,0,0,0,0,0,20,20,30,60,100,10,10,40,50,80,0,0,0,0,0,20,20,60,90,100,10,10,40,50,80,0,0,0,0,0,10,10,40,50,80,0,0,0,0,0,20,20,60,90,100,0,0,0,0,0,10,10,30,40,70,20,20,60,80,100,20,20,60,90,100,0,0,0,0,0,10,10,40,50,80
CHRYSOPHSIN-1,11.07,FFGWLIKGAIHAGKAIHGLIHRRRH,25,2892.4162,0.12,11.99996777,12,12,0,0,0,0,0,16,16,16,8,8,0,8,0,0,0,4,0,0,0,0,0,0,0,0,0,4.17,0,8.33,0,0,0,0,0,0,0,0,0,0,0,4.17,0,0,0,0,0,0,4.17,0,0,0,0,0,0,0,0,0,0,0,0,0,0,0,0,0,0,0,0,0,0,0,0,0,0,0,0,0,0,0,0,0,0,0,0,0,0,0,0,0,0,0,0,0,0,0,0,0,0,0,0,0,0,0,0,0,0,0,0,0,0,0,0,0,0,0,0,0,0,0,0,0,0,0,0,0,0,0,0,0,0,0,0,0,0,0,0,0,0,0,0,0,0,0,0,0,0,0,0,0,0,0,0,0,0,0,0,0,0,0,4.17,0,0,0,0,0,0,0,0,0,4.17,4.17,0,0,0,0,0,4.17,0,0,4.17,4.17,0,0,0,0,0,4.17,0,0,0,0,0,0,0,0,0,0,0,0,0,0,0,0,0,0,0,0,12.5,0,0,4.17,0,0,0,0,0,0,0,0,0,0,0,0,0,0,0,0,0,8.33,0,0,0,0,0,0,0,0,0,0,4.17,0,0,0,0,0,0,4.17,0,0,0,0,0,0,0,0,0,0,0,0,0,0,0,0,0,0,0,0,0,0,0,0,0,0,0,0,0,0,0,0,0,0,0,0,0,0,0,4.17,0,0,0,0,0,4.17,0,0,0,0,0,0,0,0,0,0,0,0,0,0,0,0,0,0,0,0,0,0,0,0,0,0,0,0,0,0,0,0,0,0,0,0,0,0,0,0,0,0,0,0,0,0,0,0,0,0,0,0,0,0,0,0,0,0,0,0,0,0,0,0,0,0,0,0,0,0,0,0,0,0,0,0,4.17,0,0,0,0,0,0,0,0,0,0,0,0,0,0,0,0,0,0,0,0,0,0,0,0,0,0,0,0,0,0,0,0,0,0,0,0,0,0,0,0,0,0,0,0,0,0,0,0,0,0.28,0.24,0.48,0.64,0.2,0.16,0.56,0.28,0.16,0.2,0.8,0,0.36,0,0.36,0.28,0.24,0.48,0.2,0.44,0.36,0.125,0.292,0.208,0.167,0.208,0.083,0.375,0.25,0.083,0.25,0,0,0,0.167,0,0.125,0.292,0.208,0.208,0.042,0.333,12,12,36,52,72,20,20,40,64,80,4,16,56,88,100,4,16,36,60,80,28,28,56,88,96,44,44,68,84,100,20,36,60,84,100,4,4,16,40,80,12,12,32,52,72,28,28,56,88,96,4,20,44,68,100,0,0,0,0,0,4,8,20,40,80,0,0,0,0,0,28,44,68,88,100,12,12,36,52,72,20,20,40,64,80,4,16,56,88,100,28,28,56,88,96,12,32,48,68,100,4,8,20,40,80
HUMAN,15.51,GIINTLQKYYCRVRGGRCAVLSCLPKEEQIGKCSTRGRKCCRRKK,45,5161.1614,0.044444444,10.08222675,2.222,15.556,2.222,0,13.333,4.444,4.444,11.111,0,6.667,6.667,13.333,0,0,2.222,4.444,4.444,0,4.444,4.444,0,0,0,0,0,0,0,0,0,0,0,0,0,0,0,0,0,0,0,2.27,0,2.27,0,0,2.27,0,0,4.55,0,0,0,4.55,0,0,0,0,0,0,0,2.27,0,0,0,0,0,0,0,0,0,0,0,0,0,0,0,0,2.27,0,0,0,0,0,0,0,0,0,0,0,0,0,0,0,0,0,0,0,0,0,0,0,2.27,4.55,0,0,2.27,0,0,0,0,0,2.27,0,0,0,0,2.27,0,0,0,0,0,0,0,0,0,2.27,2.27,0,0,0,0,0,0,0,0,0,0,0,0,0,0,0,0,0,0,0,0,0,0,2.27,0,2.27,0,0,0,0,0,0,0,0,0,4.55,0,0,0,0,0,2.27,0,2.27,0,2.27,0,0,0,0,0,0,0,0,0,0,0,0,0,0,0,0,0,0,0,0,0,0,0,0,0,0,0,0,0,0,2.27,0,0,0,0,2.27,0,2.27,0,0,0,0,0,0,0,0,0,0,0,0,0,0,0,0,2.27,0,0,0,0,0,0,0,2.27,2.27,0,0,0,0,0,0,0,0,4.55,2.27,0,0,0,0,0,2.27,0,0,0,0,0,0,2.27,0,0,0,0,0,0,0,0,0,0,0,0,0,0,0,0,0,0,0,0,0,0,0,0,0,0,0,0,0,0,0,0,0,0,0,0,0,0,0,0,0,0,0,0,0,0,0,0,0,0,0,0,2.27,0,0,0,0,0,0,0,0,0,0,0,0,2.27,0,0,0,0,0,0,0,0,0,0,0,2.27,0,0,0,0,2.27,0,0,0,0,0,0,0,0,2.27,0,0,0,0,0,0,0,0,0,0,0,0,0,0,0,0,0,0,0,0,0,0,0,0,0,0,0,0,0,0,0,0,0,2.27,0,0,0,0,0,0,0,0,0,0,0,0,0,2.27,0,0,2.27,0,0,0,0,0,0,0,0,2.27,0,0,0,0,0,0,0,0,0,0.222,0.444,0.333,0.444,0.4,0.156,0.467,0.333,0.2,0.289,0.667,0.044,0.356,0.133,0.289,0.244,0.289,0.333,0.4,0.289,0.311,0.205,0.136,0.25,0.341,0.136,0.091,0.341,0.182,0.159,0.364,0.023,0.023,0.091,0.182,0.068,0.159,0.159,0.091,0.205,0.227,0.227,2.222,11.111,42.222,68.889,82.222,4.444,15.556,46.667,62.222,91.111,17.778,22.222,57.778,86.667,100,2.222,24.444,42.222,66.667,91.111,8.889,26.667,62.222,84.444,100,11.111,11.111,22.222,55.556,77.778,13.333,31.111,57.778,80,100,4.444,11.111,28.889,66.667,91.111,2.222,8.889,35.556,55.556,82.222,17.778,31.111,71.111,86.667,100,2.222,15.556,42.222,64.444,91.111,60,62.222,60,60,62.222,4.444,20,40,53.333,91.111,8.889,8.889,55.556,60,64.444,17.778,31.111,71.111,86.667,100,2.222,11.111,42.222,68.889,82.222,4.444,8.889,28.889,53.333,66.667,17.778,22.222,57.778,86.667,100,8.889,26.667,62.222,84.444,100,2.222,20,35.556,55.556,82.222,4.444,13.333,44.444,53.333,91.111
BREVININ-1GHA,16,FLGAVLKVAGKLVPAAICKISKKC,24,2458.1241,0.041666667,9.904294014,16.667,0,0,0,8.333,0,0,8.333,0,8.333,12.5,20.833,0,4.167,4.167,4.167,0,0,0,12.5,4.35,0,0,0,0,0,0,4.35,0,4.35,0,0,0,0,0,0,0,0,0,4.35,0,0,0,0,0,0,0,0,0,0,0,0,0,0,0,0,0,0,0,0,0,0,0,0,0,0,0,0,0,0,0,0,0,0,0,0,0,0,0,0,0,0,0,0,0,0,0,0,0,0,0,0,0,0,0,0,0,0,0,0,0,0,0,0,0,0,0,0,0,0,0,4.35,0,0,0,0,0,0,0,0,0,0,0,0,0,0,0,0,0,0,0,0,0,0,0,0,0,0,0,0,0,0,0,0,0,0,0,0,0,0,0,0,0,0,0,0,0,0,0,0,4.35,0,0,0,0,0,0,0,0,0,0,4.35,0,0,0,0,0,0,0,0,0,0,0,0,0,0,0,0,0,0,0,0,0,0,0,0,0,0,0,0,0,0,0,0,4.35,0,0,0,0,0,0,0,0,0,0,4.35,0,0,0,0,0,0,0,0,0,0,0,4.35,0,0,0,4.35,0,0,0,0,0,0,0,4.35,0,0,0,0,4.35,0,0,0,0,4.35,4.35,4.35,0,0,0,0,0,0,0,4.35,0,0,0,0,0,0,0,0,0,0,0,0,0,0,0,0,0,0,0,0,0,0,0,0,0,0,0,0,0,0,4.35,0,0,0,0,0,0,0,0,0,4.35,0,0,0,0,0,0,0,0,0,0,0,0,0,0,0,0,0,0,0,0,0,0,0,0,0,0,0,0,0,0,4.35,0,0,0,0,0,0,0,0,0,0,0,0,0,0,0,0,0,0,0,0,0,0,0,0,0,0,0,0,0,0,0,0,0,0,0,0,0,0,0,0,0,0,0,0,0,0,0,0,0,0,0,0,0,0,0,0,0,0,0,0,0,0,0,0,0,0,0,0,4.35,0,0,0,0,0,0,0,0,0,4.35,0,0,0,4.35,0,0,0,0,0,0.292,0.458,0.25,0.708,0.208,0.083,0.5,0.333,0.167,0.208,0.792,0,0.458,0.042,0.208,0.333,0.333,0.25,0.208,0.333,0.458,0.261,0.087,0.304,0.304,0.13,0.043,0.435,0.261,0.087,0.348,0,0,0.043,0.261,0,0.261,0.087,0.217,0.087,0.261,0.261,12.5,12.5,37.5,62.5,87.5,8.333,20.833,50,70.833,100,4.167,4.167,45.833,79.167,95.833,4.167,16.667,37.5,62.5,100,29.167,29.167,45.833,79.167,95.833,58.333,87.5,58.333,58.333,87.5,8.333,25,45.833,66.667,95.833,4.167,20.833,54.167,75,100,12.5,12.5,41.667,58.333,87.5,29.167,29.167,45.833,79.167,95.833,4.167,16.667,41.667,66.667,100,0,0,0,0,0,4.167,8.333,33.333,70.833,100,58.333,58.333,58.333,58.333,58.333,29.167,29.167,45.833,79.167,95.833,12.5,16.667,41.667,62.5,87.5,8.333,20.833,33.333,54.167,83.333,4.167,4.167,45.833,79.167,95.833,29.167,29.167,45.833,79.167,95.833,12.5,16.667,41.667,62.5,87.5,4.167,8.333,33.333,70.833,100
LL-37,20,LLGDFFRKSKEKIGKEFKRIVQRIKDFLRNLVPRTES,37,4493.2629,0.108108108,10.60525875,0,13.514,2.703,5.405,0,8.108,2.703,5.405,0,8.108,10.811,16.216,0,10.811,2.703,5.405,2.703,0,0,5.405,0,0,0,0,0,0,0,0,0,0,0,0,0,0,0,0,0,0,0,0,0,0,2.78,0,0,0,0,0,0,5.56,0,2.78,0,0,0,0,2.78,0,0,0,0,0,0,0,0,0,0,0,0,0,2.78,0,0,0,0,0,0,0,0,0,0,0,0,0,0,0,0,0,0,0,0,0,0,5.56,0,0,0,0,0,0,0,0,0,0,0,0,0,0,0,0,0,0,0,0,0,0,0,0,0,0,0,0,0,0,0,0,0,0,0,0,0,2.78,0,2.78,0,2.78,0,0,0,0,0,2.78,0,0,0,0,0,0,0,0,0,0,0,0,0,0,0,0,0,0,0,0,0,2.78,0,0,0,0,0,0,0,2.78,0,0,0,0,0,0,0,0,0,0,0,0,0,0,0,0,0,0,0,0,0,0,0,0,0,0,0,0,0,0,0,0,0,0,0,2.78,0,0,0,2.78,0,0,0,0,0,0,0,2.78,0,2.78,0,0,0,0,0,2.78,0,0,2.78,0,0,0,0,0,0,0,0,2.78,0,2.78,0,2.78,0,5.56,0,0,0,2.78,0,0,0,0,0,2.78,0,0,0,0,0,0,0,0,0,0,0,0,0,0,0,0,0,0,0,0,0,0,0,0,0,2.78,0,0,0,0,0,0,0,0,2.78,2.78,0,2.78,0,0,0,0,0,0,0,2.78,0,0,0,0,0,0,0,0,0,0,0,0,0,0,0,0,0,0,0,0,0,0,0,0,0,0,0,0,0,2.78,0,0,0,0,0,0,0,0,0,0,0,0,0,2.78,0,0,0,0,0,0,0,0,0,0,0,0,0,0,0,0,0,0,0,0,0,0,0,0,0,0,0,0,0,0,0,0,0,0,0,0,0,0,0,0,0,0,0,0,0,0,0,0,0,0,0,0,0,0,0,0,0,0,0,0,2.78,0,0,0,0,0,0,0,2.78,0,0,0,0,0,0.189,0.405,0.405,0.405,0.486,0.108,0.514,0.27,0.216,0.297,0.568,0.135,0.351,0.162,0.297,0.216,0.378,0.405,0.486,0.162,0.351,0.111,0.194,0.361,0.389,0.028,0.167,0.333,0.25,0.111,0.389,0.111,0.167,0.111,0.194,0.167,0.139,0.222,0.333,0.222,0.333,0.083,8.108,8.108,24.324,70.27,100,2.703,29.73,56.757,81.081,97.297,13.514,18.919,40.541,62.162,91.892,2.703,8.108,37.838,64.865,86.486,10.811,27.027,48.649,67.568,97.297,24.324,24.324,89.189,94.595,100,2.703,21.622,43.243,67.568,97.297,13.514,16.216,54.054,64.865,94.595,8.108,10.811,37.838,81.081,100,18.919,21.622,40.541,62.162,91.892,2.703,16.216,54.054,75.676,100,10.811,10.811,29.73,43.243,97.297,2.703,13.514,45.946,64.865,86.486,29.73,29.73,59.459,81.081,97.297,18.919,21.622,40.541,62.162,91.892,8.108,10.811,37.838,89.189,100,2.703,29.73,56.757,75.676,97.297,13.514,18.919,40.541,62.162,91.892,10.811,27.027,48.649,67.568,97.297,8.108,8.108,37.838,89.189,100,2.703,13.514,45.946,64.865,86.486
LL-31,20,LLGDFFRKSKEKIGKEFKRIVQRIKDFLRNL,31,3823.5358,0.129032258,10.62060223,0,12.903,3.226,6.452,0,6.452,3.226,6.452,0,9.677,12.903,19.355,0,12.903,0,3.226,0,0,0,3.226,0,0,0,0,0,0,0,0,0,0,0,0,0,0,0,0,0,0,0,0,0,0,3.33,0,0,0,0,0,0,6.67,0,3.33,0,0,0,0,0,0,0,0,0,0,0,0,0,0,0,0,0,0,3.33,0,0,0,0,0,0,0,0,0,0,0,0,0,0,0,0,0,0,0,0,0,0,6.67,0,0,0,0,0,0,0,0,0,0,0,0,0,0,0,0,0,0,0,0,0,0,0,0,0,0,0,0,0,0,0,0,0,0,0,0,0,3.33,0,3.33,0,0,0,0,0,0,0,3.33,0,0,0,0,0,0,0,0,0,0,0,0,0,0,0,0,0,0,0,0,0,3.33,0,0,0,0,0,0,0,3.33,0,0,0,0,0,0,0,0,0,0,0,0,0,0,0,0,0,0,0,0,0,0,0,0,0,0,0,0,0,0,0,0,0,0,0,3.33,0,0,0,3.33,0,0,0,0,0,0,0,3.33,0,3.33,0,0,0,0,0,3.33,0,0,3.33,0,0,0,0,0,0,0,0,0,0,3.33,0,3.33,0,6.67,0,0,0,3.33,0,0,0,0,0,3.33,0,0,0,0,0,0,0,0,0,0,0,0,0,0,0,0,0,0,0,0,0,0,0,0,0,3.33,0,0,0,0,0,0,0,0,3.33,3.33,0,3.33,0,0,0,0,0,0,0,0,0,0,0,0,0,0,0,0,0,0,0,0,0,0,0,0,0,0,0,0,0,0,0,0,0,0,0,0,0,3.33,0,0,0,0,0,0,0,0,0,0,0,0,0,0,0,0,0,0,0,0,0,0,0,0,0,0,0,0,0,0,0,0,0,0,0,0,0,0,0,0,0,0,0,0,0,0,0,0,0,0,0,0,0,0,0,0,0,0,0,0,0,0,0,0,0,0,0,0,0,0,0,0,0,0,3.33,0,0,0,0,0,0,0,0,0,0,0,0,0,0.161,0.387,0.452,0.452,0.516,0.032,0.548,0.258,0.194,0.323,0.548,0.129,0.387,0.129,0.323,0.161,0.387,0.452,0.516,0.097,0.387,0.067,0.2,0.4,0.467,0,0.067,0.3,0.233,0.1,0.4,0.133,0.133,0.1,0.233,0.167,0.067,0.2,0.4,0.133,0.4,0.067,9.677,9.677,12.903,29.032,83.871,3.226,35.484,64.516,77.419,100,16.129,22.581,48.387,61.29,93.548,3.226,9.677,45.161,67.742,100,12.903,32.258,51.613,74.194,96.774,29.032,29.032,29.032,29.032,29.032,3.226,25.806,48.387,70.968,100,16.129,19.355,54.839,67.742,87.097,9.677,9.677,29.032,45.161,96.774,22.581,25.806,48.387,61.29,93.548,3.226,16.129,45.161,70.968,100,12.903,12.903,35.484,51.613,83.871,3.226,16.129,54.839,77.419,100,35.484,35.484,51.613,70.968,96.774,22.581,25.806,48.387,61.29,93.548,9.677,9.677,12.903,29.032,83.871,3.226,35.484,64.516,77.419,100,16.129,22.581,48.387,61.29,93.548,12.903,32.258,51.613,74.194,96.774,9.677,45.161,9.677,29.032,45.161,3.226,16.129,54.839,77.419,100
GL13K,22.47,GKIIKLKASLKLL,13,1424.8566,0,10.47774029,7.692,0,0,0,0,0,0,7.692,0,15.385,30.769,30.769,0,0,0,7.692,0,0,0,0,0,0,0,0,0,0,0,0,0,0,0,0,0,0,0,8.33,0,0,0,0,0,0,0,0,0,0,0,0,0,0,0,0,0,0,0,0,0,0,0,0,0,0,0,0,0,0,0,0,0,0,0,0,0,0,0,0,0,0,0,0,0,0,0,0,0,0,0,0,0,0,0,0,0,0,0,0,0,0,0,0,0,0,0,0,0,0,0,0,0,0,0,0,0,0,0,0,0,0,0,0,0,0,0,0,0,0,0,0,0,0,0,0,0,0,0,0,0,0,0,0,0,0,0,0,0,0,0,0,0,0,0,0,0,0,0,0,0,0,0,0,0,0,0,0,0,0,0,0,0,0,0,8.33,0,0,0,0,0,0,0,0,0,0,0,0,0,0,0,0,0,0,0,0,0,0,0,0,0,0,0,0,0,0,0,0,0,0,0,0,0,8.33,0,8.33,0,0,0,0,0,0,0,0,0,0,0,0,0,0,0,0,0,0,8.33,16.67,0,0,0,0,0,0,0,0,8.33,0,0,0,0,0,0,0,0,8.33,16.67,0,0,0,0,0,0,0,0,0,0,0,0,0,0,0,0,0,0,0,0,0,0,0,0,0,0,0,0,0,0,0,0,0,0,0,0,0,0,0,0,0,0,0,0,0,0,0,0,0,0,0,0,0,0,0,0,0,0,0,0,0,0,0,0,0,0,0,0,0,0,0,0,0,0,0,0,0,0,0,8.33,0,0,0,0,0,0,0,0,0,0,0,0,0,0,0,0,0,0,0,0,0,0,0,0,0,0,0,0,0,0,0,0,0,0,0,0,0,0,0,0,0,0,0,0,0,0,0,0,0,0,0,0,0,0,0,0,0,0,0,0,0,0,0,0,0,0,0,0,0,0,0,0,0,0,0,0,0,0,0,0,0,0,0,0,0,0,0,0,0,0.231,0.462,0.308,0.615,0.308,0.077,0.692,0.154,0.154,0.308,0.692,0,0.462,0,0.308,0.231,0.462,0.308,0.308,0.231,0.462,0.083,0.167,0.5,0.667,0.167,0,0.167,0.25,0,0.667,0,0,0,0.5,0,0.083,0.167,0.5,0.167,0.5,0.083,7.692,69.231,7.692,61.538,69.231,23.077,23.077,46.154,76.923,100,15.385,15.385,38.462,53.846,84.615,7.692,23.077,46.154,76.923,100,15.385,15.385,38.462,53.846,84.615,69.231,69.231,69.231,69.231,69.231,15.385,38.462,53.846,76.923,100,23.077,30.769,23.077,23.077,30.769,7.692,69.231,7.692,7.692,69.231,15.385,15.385,38.462,53.846,84.615,7.692,23.077,46.154,69.231,100,0,0,0,0,0,23.077,23.077,46.154,76.923,100,0,0,0,0,0,15.385,15.385,38.462,53.846,84.615,7.692,69.231,7.692,61.538,69.231,23.077,23.077,46.154,76.923,100,15.385,15.385,38.462,53.846,84.615,15.385,15.385,38.462,53.846,84.615,7.692,69.231,7.692,61.538,69.231,23.077,23.077,46.154,76.923,100
PLEUROCIDIN,23.62,GWGSFFKKAAHVGKHVGKAALTHYL,25,2711.1283,0.16,10.17693081,16,0,0,0,0,0,0,16,12,0,8,16,0,8,0,4,4,4,4,8,8.33,0,0,0,0,0,0,0,4.17,0,4.17,0,0,0,0,0,0,0,0,0,0,0,0,0,0,0,0,0,0,0,0,0,0,0,0,0,0,0,0,0,0,0,0,0,0,0,0,0,0,0,0,0,0,0,0,0,0,0,0,0,0,0,0,0,0,0,0,0,0,0,0,0,0,0,0,0,0,0,0,0,0,0,0,0,0,0,0,0,0,0,0,0,0,0,0,0,0,0,0,0,0,0,0,0,0,0,0,0,0,0,0,0,0,0,0,0,0,0,0,0,0,0,0,0,0,0,0,0,0,0,0,0,0,0,0,0,0,0,0,0,0,0,0,0,0,0,0,0,0,0,0,8.33,0,0,0,4.17,0,4.17,0,0,0,0,0,0,0,0,0,0,0,0,0,0,0,0,0,0,0,0,4.17,8.33,0,0,0,0,0,0,0,0,0,0,0,0,0,0,0,0,0,0,0,0,0,0,0,0,0,0,0,0,0,0,0,0,0,0,0,0,4.17,0,0,0,8.33,0,0,0,0,0,0,0,4.17,0,0,4.17,0,0,0,0,0,0,0,0,0,0,0,0,0,0,0,0,0,0,0,0,0,0,0,0,0,0,0,0,0,0,0,0,0,0,0,0,0,0,0,4.17,0,4.17,0,0,0,0,0,0,0,0,0,0,0,0,0,0,0,0,0,0,0,0,0,0,0,0,0,0,0,0,0,0,0,0,0,0,0,0,0,0,0,4.17,0,0,0,0,0,0,0,0,0,0,0,0,0,0,4.17,0,0,0,0,0,0,0,0,0,0,0,0,0,0,0,0,0,0,4.17,0,0,0,0,0,0,0,0,0,0,0,0,0,0,0,0,0,0,0,0,0,0,4.17,0,0,0,0,0,0,0,0,0,0,0,0,0,0,0,0,8.33,0,0,0,0,0,0,0,0,0,0,0,0,0.4,0.16,0.44,0.6,0.16,0.24,0.52,0.28,0.2,0.16,0.84,0,0.32,0,0.28,0.4,0.16,0.44,0.16,0.56,0.28,0.167,0.375,0.125,0.208,0.292,0.042,0.292,0.083,0.208,0.25,0,0,0,0.167,0,0.167,0.375,0.125,0.208,0.042,0.417,4,12,40,68,88,48,48,64,84,100,8,20,32,60,96,4,12,40,68,100,28,28,32,56,72,16,16,60,88,96,28,36,56,76,100,8,8,24,64,96,4,4,12,16,68,28,28,32,56,72,4,20,48,76,100,0,0,0,0,0,8,20,48,84,100,0,0,0,0,0,28,28,44,60,92,4,12,40,68,88,48,48,64,84,100,8,20,32,60,96,28,28,32,56,72,4,16,52,76,96,8,8,24,64,100
MUC7-20-MER,25,LAHQKPFIRKSYKCLHKRCR,20,2513.0454,0.1,10.57270222,5,15,0,0,10,0,5,0,10,5,10,20,0,5,5,5,0,0,5,0,0,0,0,0,0,0,0,0,5.26,0,0,0,0,0,0,0,0,0,0,0,0,0,0,0,5.26,0,0,0,0,0,0,5.26,0,0,0,0,0,0,0,0,0,0,0,0,0,0,0,0,0,0,0,0,0,0,0,0,0,0,0,0,0,0,0,0,0,0,0,0,0,0,0,0,0,0,0,0,0,0,0,0,0,5.26,0,0,0,0,0,0,0,0,5.26,0,0,0,0,0,0,0,0,0,0,0,0,0,0,0,0,0,0,0,0,0,0,0,0,0,0,0,0,0,0,0,0,0,0,0,0,0,0,0,0,5.26,0,0,0,0,0,0,0,0,0,0,0,0,0,0,0,0,0,0,0,0,0,0,0,0,0,0,0,0,0,0,0,0,0,0,5.26,0,0,0,0,5.26,0,0,0,0,0,0,0,0,0,5.26,0,0,0,0,0,0,0,0,0,0,0,0,0,0,0,0,0,0,5.26,0,0,0,0,0,0,0,5.26,0,0,0,0,0,0,0,0,0,0,0,0,5.26,0,0,5.26,0,0,0,0,0,0,0,0,0,5.26,5.26,0,0,0,0,0,0,0,0,0,0,0,0,0,0,0,0,0,0,0,0,0,0,0,0,0,0,0,0,0,0,0,0,0,5.26,0,0,0,0,0,0,0,0,0,0,0,0,0,0,0,0,0,0,0,0,0,0,0,5.26,0,0,0,0,0,0,0,0,0,0,0,0,0,0,0,0,0,0,0,0,0,0,0,0,5.26,0,0,0,0,0,0,0,0,0,0,0,0,0,0,0,0,0,0,0,0,0,0,0,0,0,0,0,0,0,0,0,0,0,0,0,0,0,0,0,0,0,0,0,0,0,0,0,0,0,0,0,0,5.26,0,0,0,0,0,0,0,0,0,0,0,0,0,0,0,0,0,0,0,0,0,0,0,0,0,0,0,0,0.1,0.35,0.55,0.35,0.4,0.25,0.65,0.25,0.1,0.35,0.65,0,0.35,0.1,0.45,0.15,0.2,0.55,0.4,0.3,0.3,0.053,0.158,0.526,0.211,0.158,0.263,0.316,0.105,0.105,0.474,0,0,0.053,0.316,0.158,0.053,0.263,0.263,0.263,0.211,0.158,10,55,10,10,55,5,5,30,70,95,15,25,50,80,100,5,5,35,70,95,20,25,50,85,100,15,15,30,55,80,5,15,45,75,100,35,35,40,60,95,30,55,30,30,55,25,25,50,85,100,5,15,35,60,95,0,0,0,0,0,5,5,40,70,95,20,30,20,20,30,15,25,50,80,100,10,55,10,30,55,5,5,20,40,75,15,25,50,80,100,20,25,50,85,100,10,10,30,55,80,5,5,40,70,95
C16G2,25,TFFRLFNRSFTQALGKGGGKNLRIIRKGIHIIKKY,35,4079.842,0.142857143,11.99996777,2.857,11.429,5.714,0,0,0,2.857,14.286,2.857,14.286,8.571,14.286,0,11.429,0,2.857,5.714,0,2.857,0,0,0,0,0,0,0,0,0,0,0,2.94,0,0,0,0,0,0,0,0,0,0,0,0,0,0,0,0,0,0,2.94,2.94,2.94,0,0,0,2.94,0,0,0,0,0,2.94,0,0,0,0,0,0,0,0,2.94,0,0,0,0,0,0,0,0,0,0,0,0,0,0,0,0,0,0,0,0,0,0,0,0,0,0,0,0,0,0,0,0,0,0,0,0,0,0,0,0,0,0,0,0,0,0,0,0,0,0,0,0,0,0,0,0,0,0,0,0,0,0,0,0,0,0,0,0,0,2.94,0,0,0,0,0,0,0,0,0,0,0,0,0,0,0,0,0,0,0,0,0,0,0,0,0,0,2.94,0,2.94,0,5.88,0,0,0,0,0,0,0,0,0,0,0,0,0,0,0,0,0,2.94,0,0,0,0,0,0,0,0,0,0,0,2.94,0,0,0,0,0,0,2.94,5.88,0,2.94,0,0,0,0,0,0,0,0,0,2.94,0,0,0,0,0,2.94,0,0,0,0,0,2.94,0,0,0,0,0,0,0,0,2.94,0,0,0,0,5.88,0,0,0,2.94,0,0,0,0,0,0,2.94,0,0,0,0,0,0,0,0,0,0,0,0,0,0,0,0,0,0,0,0,0,0,2.94,2.94,0,0,0,0,0,0,0,0,0,0,2.94,0,0,2.94,0,0,0,0,0,0,0,0,0,0,0,0,0,0,0,0,0,0,0,0,0,0,0,0,0,0,0,0,0,0,0,0,0,0,0,0,2.94,0,0,0,0,0,0,0,0,0,0,0,0,2.94,0,0,0,0,0,0,2.94,0,0,0,0,0,0,0,0,0,0,0,0,0,0,0,0,0,0,0,0,0,0,0,0,0,0,0,0,0,0,0,0,0,0,0,0,0,0,0,0,0,0,0,0,0,0,0,0,0,0,0,0,0,0,0,0,0,0,0,0,0,0,0,0,0,0,0.257,0.314,0.429,0.514,0.343,0.143,0.429,0.343,0.229,0.257,0.743,0,0.371,0.086,0.286,0.257,0.314,0.429,0.343,0.314,0.343,0.147,0.235,0.324,0.382,0.147,0.088,0.265,0.265,0.088,0.412,0,0,0.059,0.265,0.059,0.147,0.235,0.324,0.235,0.235,0.235,2.857,25.714,37.143,48.571,80,14.286,20,60,71.429,91.429,5.714,11.429,45.714,77.143,100,5.714,17.143,48.571,68.571,91.429,11.429,22.857,57.143,74.286,97.143,2.857,2.857,25.714,31.429,100,11.429,22.857,45.714,74.286,97.143,2.857,8.571,31.429,82.857,100,20,25.714,48.571,54.286,80,11.429,22.857,57.143,74.286,97.143,2.857,20,42.857,68.571,100,0,0,0,0,0,5.714,14.286,40,71.429,100,20,60,20,34.286,60,11.429,22.857,65.714,77.143,97.143,2.857,25.714,37.143,48.571,80,14.286,20,60,71.429,91.429,5.714,11.429,45.714,77.143,100,11.429,22.857,57.143,74.286,97.143,2.857,25.714,42.857,54.286,100,5.714,14.286,40,71.429,91.429
L-K6,25,IKKILSKIKKLLK,13,1553.072,0,10.69931812,0,0,0,0,0,0,0,0,0,23.077,23.077,46.154,0,0,0,7.692,0,0,0,0,0,0,0,0,0,0,0,0,0,0,0,0,0,0,0,0,0,0,0,0,0,0,0,0,0,0,0,0,0,0,0,0,0,0,0,0,0,0,0,0,0,0,0,0,0,0,0,0,0,0,0,0,0,0,0,0,0,0,0,0,0,0,0,0,0,0,0,0,0,0,0,0,0,0,0,0,0,0,0,0,0,0,0,0,0,0,0,0,0,0,0,0,0,0,0,0,0,0,0,0,0,0,0,0,0,0,0,0,0,0,0,0,0,0,0,0,0,0,0,0,0,0,0,0,0,0,0,0,0,0,0,0,0,0,0,0,0,0,0,0,0,0,0,0,0,0,0,0,0,0,0,0,0,0,0,0,0,0,0,0,0,0,0,0,0,0,0,0,0,0,0,0,0,0,0,0,0,0,0,0,0,0,0,0,0,0,0,0,0,0,8.33,16.67,0,0,0,0,0,0,0,0,0,0,0,0,0,0,0,0,0,0,8.33,8.33,0,0,0,8.33,0,0,0,0,0,0,0,0,0,0,0,0,0,16.67,8.33,16.67,0,0,0,0,0,0,0,0,0,0,0,0,0,0,0,0,0,0,0,0,0,0,0,0,0,0,0,0,0,0,0,0,0,0,0,0,0,0,0,0,0,0,0,0,0,0,0,0,0,0,0,0,0,0,0,0,0,0,0,0,0,0,0,0,0,0,0,0,0,0,0,0,0,0,0,0,0,0,0,8.33,0,0,0,0,0,0,0,0,0,0,0,0,0,0,0,0,0,0,0,0,0,0,0,0,0,0,0,0,0,0,0,0,0,0,0,0,0,0,0,0,0,0,0,0,0,0,0,0,0,0,0,0,0,0,0,0,0,0,0,0,0,0,0,0,0,0,0,0,0,0,0,0,0,0,0,0,0,0,0,0,0,0,0,0,0,0,0,0,0.077,0.462,0.462,0.462,0.462,0.077,0.692,0.231,0.077,0.462,0.538,0,0.462,0,0.462,0.077,0.462,0.462,0.462,0.077,0.462,0.083,0.083,0.5,0.5,0.083,0.083,0.417,0.167,0,0.583,0,0,0,0.5,0,0.083,0.083,0.5,0.083,0.5,0.083,46.154,46.154,46.154,46.154,46.154,7.692,7.692,38.462,61.538,92.308,15.385,15.385,53.846,69.231,100,7.692,7.692,38.462,61.538,92.308,15.385,15.385,53.846,69.231,100,46.154,46.154,46.154,46.154,46.154,15.385,23.077,53.846,76.923,100,7.692,61.538,7.692,30.769,61.538,46.154,46.154,46.154,46.154,46.154,15.385,15.385,53.846,69.231,100,7.692,7.692,38.462,61.538,92.308,0,0,0,0,0,7.692,7.692,38.462,61.538,92.308,0,0,0,0,0,15.385,15.385,53.846,69.231,100,46.154,46.154,46.154,46.154,46.154,7.692,7.692,38.462,61.538,92.308,15.385,15.385,53.846,69.231,100,15.385,15.385,53.846,69.231,100,46.154,46.154,46.154,46.154,46.154,7.692,7.692,38.462,61.538,92.308
DERMASEPTIN-PT9,32,GLWSKIKDAAKTAGKAALGFVNEMV,25,2606.0476,0.08,9.528249931,20,0,4,4,0,4,0,12,0,4,8,16,4,4,0,4,4,4,0,8,8.33,0,0,0,0,0,0,4.17,0,0,4.17,4.17,0,0,0,0,0,0,0,0,0,0,0,0,0,0,0,0,0,0,0,0,0,0,0,0,0,0,0,0,0,0,0,0,0,4.17,0,0,0,0,0,0,0,0,0,0,0,0,0,0,4.17,0,0,0,0,0,0,0,0,0,0,0,0,0,0,0,0,0,0,0,0,0,0,0,0,0,0,0,0,0,0,0,0,0,0,0,0,0,0,0,0,0,0,0,0,0,0,0,0,0,0,0,4.17,0,0,0,0,0,0,0,0,0,0,0,0,0,0,0,0,0,0,0,0,0,0,0,0,0,0,0,0,0,0,0,0,0,0,0,0,0,4.17,4.17,0,4.17,0,0,0,0,0,0,0,0,0,0,0,0,0,0,0,0,0,0,0,0,0,0,0,0,0,0,0,0,0,0,0,0,0,0,0,0,0,4.17,0,0,0,0,0,0,0,0,0,0,0,0,0,0,0,4.17,0,0,0,0,0,0,0,0,0,4.17,0,0,4.17,0,0,4.17,0,0,0,0,0,4.17,0,0,0,0,0,0,4.17,0,0,0,0,0,0,0,0,0,0,0,0,0,0,0,0,0,0,0,0,0,0,4.17,0,0,0,0,0,0,0,0,0,0,0,0,0,0,0,0,0,0,0,4.17,0,0,0,0,0,0,0,0,0,0,0,0,0,0,0,0,0,0,0,0,0,0,0,0,0,0,0,0,0,0,0,4.17,0,0,0,0,0,0,0,0,4.17,0,0,0,0,0,0,0,0,0,0,0,0,0,0,0,0,0,0,0,0,0,0,0,0,0,0,0,0,0,0,0,0,0,0,4.17,0,0,0,0,0,0,0,0,0,0,0,0,0,0,0,0,0,0,0,0,0,0,0,0,0,0,4.17,0,0,0,0,0,0,0,0,0,0,0,0,0,0,0,0,0,0.44,0.28,0.28,0.6,0.28,0.12,0.52,0.24,0.24,0.16,0.76,0.08,0.32,0.08,0.16,0.44,0.28,0.28,0.28,0.4,0.32,0.125,0.333,0.25,0.292,0.125,0.125,0.25,0.333,0.125,0.292,0.042,0.125,0.083,0.083,0,0.125,0.333,0.25,0.25,0.167,0.208,4,16,40,56,76,8,8,72,88,100,12,12,28,60,96,4,12,52,72,100,20,20,32,60,92,16,96,16,48,96,8,28,44,64,96,12,12,48,80,100,4,4,32,56,88,20,20,28,44,60,4,16,52,76,100,32,92,32,32,92,8,12,72,84,100,88,92,88,88,92,20,20,28,44,60,4,16,40,56,76,8,8,72,88,100,12,12,28,60,96,20,20,32,60,92,4,16,48,56,76,8,12,72,84,100
P10,32,LAREYKKIVEKLKRWLRQVLRTLR,24,3096.7627,0.083333333,11.48028812,4.167,20.833,0,0,0,8.333,4.167,0,0,4.167,20.833,16.667,0,0,0,0,4.167,4.167,4.167,8.333,0,4.35,0,0,0,0,0,0,0,0,0,0,0,0,0,0,0,0,0,0,0,0,0,0,0,4.35,4.35,0,0,0,0,0,0,0,0,0,4.35,4.35,0,0,0,0,0,0,0,0,0,0,0,0,0,0,0,0,0,0,0,0,0,0,0,0,0,0,0,0,0,0,0,0,0,0,0,0,0,0,0,0,0,0,0,0,0,0,0,0,0,0,0,0,0,0,0,0,0,0,0,0,0,0,0,0,0,0,0,0,0,0,0,0,0,4.35,0,0,0,0,0,0,4.35,0,0,0,0,0,0,0,0,0,0,0,0,0,0,0,0,0,0,0,0,4.35,0,0,0,0,0,0,0,0,0,0,0,0,0,0,0,0,0,0,0,0,0,0,0,0,0,0,0,0,0,0,0,0,0,0,0,0,0,0,0,0,0,0,0,0,0,0,0,0,0,0,0,0,0,0,0,0,0,0,0,4.35,4.35,13.04,0,0,0,0,0,0,0,0,0,4.35,0,0,0,0,0,0,0,0,0,4.35,0,0,0,0,0,0,0,4.35,4.35,4.35,0,0,0,0,0,0,0,0,0,0,0,0,0,0,0,0,0,0,0,0,0,0,0,0,0,0,0,0,0,0,0,0,0,0,0,0,0,0,0,0,0,0,0,0,0,0,0,0,0,0,0,0,0,0,0,0,0,0,0,0,0,0,0,0,0,0,0,0,0,0,0,0,0,0,0,0,0,0,0,0,0,0,0,0,0,0,0,0,0,0,0,0,0,0,0,0,0,0,4.35,0,0,0,0,0,0,0,0,0,0,0,0,0,0,0,0,0,0,0,4.35,0,0,0,0,0,0,0,0,0,0,0,0,0,0,0,0,0,0,0,0,4.35,0,0,0,0,0,0,0,0,0,0,0,0,0,4.35,0,0,0,0,4.35,0,0,0,0,0,0,0,0,0,0.083,0.458,0.458,0.417,0.5,0.083,0.75,0.25,0,0.375,0.542,0.083,0.417,0.125,0.375,0.083,0.458,0.458,0.5,0.125,0.375,0.087,0.087,0.478,0.435,0.043,0.13,0.435,0,0,0.478,0.087,0.087,0.13,0.348,0.13,0.087,0.087,0.478,0.174,0.391,0.087,8.333,91.667,8.333,8.333,91.667,4.167,16.667,41.667,75,95.833,12.5,20.833,45.833,62.5,100,4.167,8.333,50,66.667,95.833,12.5,25,45.833,70.833,100,20.833,91.667,20.833,20.833,91.667,4.167,16.667,50,70.833,100,20.833,20.833,37.5,62.5,91.667,0,0,0,0,0,12.5,25,45.833,58.333,100,4.167,20.833,50,75,95.833,16.667,41.667,16.667,16.667,41.667,4.167,20.833,50,66.667,95.833,16.667,75,16.667,41.667,75,12.5,25,45.833,58.333,100,8.333,91.667,8.333,8.333,91.667,4.167,16.667,41.667,75,95.833,12.5,20.833,45.833,62.5,100,12.5,25,45.833,70.833,100,8.333,91.667,8.333,20.833,91.667,4.167,33.333,50,66.667,95.833
P60.4AC,32,IGKEFKRIVERIKRFLRELVRPLR,24,3052.7101,0.083333333,11.7172739,0,25,0,0,0,12.5,0,4.167,0,12.5,12.5,12.5,0,8.333,4.167,0,0,0,0,8.333,0,0,0,0,0,0,0,0,0,0,0,0,0,0,0,0,0,0,0,0,0,0,0,0,0,4.35,0,0,0,8.7,0,0,0,4.35,4.35,0,0,0,0,0,0,0,0,0,0,0,0,0,0,0,0,0,0,0,0,0,0,0,0,0,0,0,0,0,0,0,0,0,0,0,0,0,0,0,0,0,0,0,0,0,0,0,0,0,0,0,0,0,0,0,0,0,0,0,0,0,0,0,0,0,0,4.35,0,0,0,0,0,0,0,0,4.35,0,0,4.35,0,0,0,0,0,0,0,0,0,0,0,0,0,0,0,0,0,0,0,0,0,0,0,0,0,0,0,0,0,0,0,0,0,0,0,0,0,4.35,0,0,0,0,0,0,0,0,0,0,0,0,0,0,0,0,0,0,0,0,0,0,0,0,0,0,0,0,0,0,0,0,0,0,0,4.35,0,0,0,4.35,0,0,0,0,0,0,0,4.35,0,8.7,0,0,0,0,0,0,0,0,0,0,0,0,0,0,0,0,0,4.35,0,8.7,0,0,0,4.35,0,0,0,0,0,0,0,0,0,0,0,0,0,0,0,0,0,0,0,0,0,0,0,0,0,0,0,0,0,0,0,0,0,0,0,0,0,0,0,0,0,0,0,0,4.35,4.35,0,0,0,0,0,0,0,0,0,0,0,0,0,0,0,0,0,0,4.35,0,0,0,0,0,0,0,0,0,0,0,0,0,0,0,0,0,0,0,0,0,0,0,0,0,0,0,0,0,0,0,0,0,0,0,0,0,0,0,0,0,0,0,0,0,0,0,0,0,0,0,0,0,0,0,0,0,0,0,0,0,0,0,0,0,0,0,0,0,0,0,0,0,0,0,0,0,0,0,0,0,0,0,0,0,0,0,0,0,0,4.35,0,0,0,4.35,0,0,0,0,0,0,0,0,0,0,0,0,0,0,0.042,0.5,0.458,0.458,0.5,0.042,0.625,0.292,0.083,0.375,0.5,0.125,0.417,0.167,0.375,0.083,0.458,0.458,0.5,0.083,0.417,0.043,0.043,0.522,0.522,0.043,0.043,0.435,0.13,0.043,0.435,0.13,0.13,0.174,0.348,0.174,0.087,0.087,0.478,0.087,0.478,0.087,8.333,8.333,8.333,8.333,8.333,4.167,33.333,50,79.167,95.833,12.5,20.833,45.833,62.5,100,4.167,8.333,37.5,66.667,95.833,12.5,25,45.833,70.833,100,91.667,91.667,91.667,91.667,91.667,12.5,25,54.167,75,100,4.167,4.167,33.333,50,83.333,8.333,91.667,8.333,8.333,91.667,12.5,25,45.833,58.333,100,4.167,20.833,50,79.167,95.833,16.667,75,16.667,41.667,75,4.167,20.833,50,66.667,95.833,16.667,16.667,41.667,75,91.667,12.5,25,45.833,58.333,100,8.333,91.667,8.333,8.333,91.667,4.167,16.667,41.667,75,95.833,12.5,20.833,45.833,62.5,100,12.5,25,45.833,70.833,100,8.333,91.667,8.333,8.333,91.667,4.167,20.833,50,66.667,95.833
F2-5-12W,40,RWGRWLRKIRRWRPK,15,2150.5855,0.2,11.99996777,0,40,0,0,0,0,0,6.667,0,6.667,6.667,13.333,0,0,6.667,0,0,20,0,0,0,0,0,0,0,0,0,0,0,0,0,0,0,0,0,0,0,0,0,0,0,7.14,0,0,0,0,0,0,0,0,0,7.14,0,0,7.14,0,0,21.43,0,0,0,0,0,0,0,0,0,0,0,0,0,0,0,0,0,0,0,0,0,0,0,0,0,0,0,0,0,0,0,0,0,0,0,0,0,0,0,0,0,0,0,0,0,0,0,0,0,0,0,0,0,0,0,0,0,0,0,0,0,0,0,0,0,0,0,0,0,0,0,0,0,0,0,0,0,0,0,0,0,0,0,0,0,0,0,0,0,0,0,0,0,0,0,0,0,0,0,0,0,0,0,7.14,0,0,0,0,0,0,0,0,0,0,0,0,0,0,0,0,0,0,0,0,0,0,0,0,0,0,0,0,0,0,0,0,0,0,0,0,0,0,0,7.14,0,0,0,0,0,0,0,0,0,0,0,0,0,0,0,0,0,0,0,7.14,0,0,0,0,0,0,0,0,0,0,0,0,0,0,0,0,0,0,0,0,0,0,0,0,0,0,0,7.14,0,0,0,0,0,0,0,0,0,0,0,0,0,0,0,0,0,0,0,0,0,0,0,0,0,0,0,0,0,0,0,0,0,0,0,0,0,0,0,0,0,0,0,0,0,0,0,0,0,0,0,0,0,0,0,0,0,0,0,0,0,7.14,0,0,0,0,0,0,0,0,0,0,0,0,0,0,0,0,0,0,0,0,0,0,0,0,0,0,0,0,0,0,0,0,0,0,0,0,0,0,0,0,0,0,0,0,0,0,0,0,0,7.14,0,0,0,0,0,7.14,0,0,7.14,0,0,0,0,0,0,0,0,0,0,0,0,0,0,0,0,0,0,0,0,0,0,0,0,0,0,0,0,0,0,0,0,0,0,0,0,0,0,0,0,0,0,0,0,0,0,0,0,0,0.067,0.2,0.733,0.4,0.533,0.067,0.6,0.267,0.133,0.533,0.467,0,0.333,0.067,0.533,0.133,0.133,0.733,0.533,0.133,0.333,0,0.143,0.429,0.571,0,0.143,0.5,0.214,0.071,0.714,0,0,0,0.5,0.143,0,0.286,0.286,0.214,0.5,0.071,20,20,20,20,20,40,93.333,40,60,93.333,6.667,13.333,46.667,73.333,100,13.333,13.333,33.333,40,80,6.667,26.667,53.333,73.333,100,93.333,93.333,93.333,93.333,93.333,6.667,26.667,46.667,66.667,100,13.333,13.333,33.333,60,80,20,93.333,20,20,93.333,6.667,26.667,53.333,73.333,100,13.333,13.333,33.333,60,93.333,0,0,0,0,0,13.333,13.333,33.333,40,80,93.333,93.333,93.333,93.333,93.333,6.667,26.667,53.333,73.333,100,20,93.333,20,20,93.333,40,60,40,40,60,6.667,13.333,46.667,73.333,100,6.667,26.667,53.333,73.333,100,20,93.333,20,20,93.333,13.333,13.333,33.333,40,80
PTP-7,40,FLGALFKALSKLL,13,1420.7799,0.153846154,10.00273724,15.385,0,0,0,0,0,0,7.692,0,0,38.462,15.385,0,15.385,0,7.692,0,0,0,0,0,0,0,0,0,0,0,0,0,0,16.67,0,0,0,0,0,0,0,0,0,0,0,0,0,0,0,0,0,0,0,0,0,0,0,0,0,0,0,0,0,0,0,0,0,0,0,0,0,0,0,0,0,0,0,0,0,0,0,0,0,0,0,0,0,0,0,0,0,0,0,0,0,0,0,0,0,0,0,0,0,0,0,0,0,0,0,0,0,0,0,0,0,0,0,0,0,0,0,0,0,0,0,0,0,0,0,0,0,0,0,0,0,0,0,0,0,0,0,0,0,0,0,0,0,0,0,0,0,0,0,0,0,0,0,0,0,0,0,0,0,8.33,0,0,0,0,0,0,0,0,0,0,0,0,0,0,0,0,0,0,0,0,0,0,0,0,0,0,0,0,0,0,0,0,0,0,0,0,0,0,0,0,0,0,0,0,0,0,0,0,0,0,0,0,0,0,0,0,0,0,0,0,0,0,0,0,0,0,8.33,0,0,8.33,0,0,8.33,0,8.33,0,0,0,0,8.33,0,0,0,0,0,0,0,0,0,8.33,0,0,0,0,0,0,0,0,0,0,0,0,0,0,0,0,0,0,0,0,0,0,0,0,0,0,0,0,0,0,0,0,0,0,0,0,0,0,0,8.33,8.33,0,0,0,0,0,0,0,0,0,0,0,0,0,0,0,0,0,0,0,0,0,0,0,0,0,0,0,0,0,0,0,0,0,0,0,0,0,0,0,8.33,0,0,0,0,0,0,0,0,0,0,0,0,0,0,0,0,0,0,0,0,0,0,0,0,0,0,0,0,0,0,0,0,0,0,0,0,0,0,0,0,0,0,0,0,0,0,0,0,0,0,0,0,0,0,0,0,0,0,0,0,0,0,0,0,0,0,0,0,0,0,0,0,0,0,0,0,0,0,0,0,0,0,0,0,0,0,0,0,0.308,0.385,0.308,0.769,0.154,0.077,0.692,0.154,0.154,0.154,0.846,0,0.538,0,0.154,0.308,0.385,0.308,0.154,0.308,0.538,0.333,0.167,0.25,0.25,0.083,0.083,0.25,0.333,0,0.333,0,0,0,0.167,0,0.333,0.167,0.25,0.167,0.167,0.333,23.077,23.077,30.769,61.538,76.923,15.385,15.385,38.462,69.231,100,7.692,7.692,46.154,53.846,84.615,7.692,15.385,38.462,61.538,100,53.846,84.615,53.846,53.846,84.615,76.923,76.923,76.923,76.923,76.923,15.385,30.769,53.846,69.231,100,7.692,46.154,7.692,7.692,46.154,23.077,76.923,23.077,23.077,76.923,53.846,84.615,53.846,53.846,84.615,7.692,15.385,38.462,69.231,100,0,0,0,0,0,7.692,7.692,38.462,69.231,100,0,0,0,0,0,53.846,84.615,53.846,53.846,84.615,23.077,23.077,30.769,61.538,76.923,15.385,15.385,38.462,69.231,100,7.692,7.692,46.154,53.846,84.615,53.846,84.615,53.846,53.846,84.615,23.077,23.077,30.769,61.538,76.923,7.692,7.692,38.462,69.231,100
LL7-37,50,RKSKEKIGKEFKRIVQRIKDFLRNLVPRTES,31,3800.4614,0.064516129,11.04370823,0,16.129,3.226,3.226,0,9.677,3.226,3.226,0,9.677,6.452,19.355,0,6.452,3.226,6.452,3.226,0,0,6.452,0,0,0,0,0,0,0,0,0,0,0,0,0,0,0,0,0,0,0,0,0,0,3.33,0,0,0,0,0,0,6.67,0,3.33,0,0,0,0,3.33,0,0,0,0,0,0,0,0,0,0,0,0,0,3.33,0,0,0,0,0,0,0,0,0,0,0,0,0,0,0,0,0,0,0,0,0,0,3.33,0,0,0,0,0,0,0,0,0,0,0,0,0,0,0,0,0,0,0,0,0,0,0,0,0,0,0,0,0,0,0,0,0,0,0,0,0,3.33,0,3.33,0,3.33,0,0,0,0,0,3.33,0,0,0,0,0,0,0,0,0,0,0,0,0,0,0,0,0,0,0,0,0,0,0,0,0,0,0,0,0,3.33,0,0,0,0,0,0,0,0,0,0,0,0,0,0,0,0,0,0,0,0,0,0,0,0,0,0,0,0,0,0,0,0,0,0,0,3.33,0,0,0,3.33,0,0,0,0,0,0,0,3.33,0,3.33,0,0,0,0,0,0,0,0,0,0,0,0,0,0,0,0,0,3.33,0,3.33,0,3.33,0,6.67,0,0,0,3.33,0,0,0,0,0,3.33,0,0,0,0,0,0,0,0,0,0,0,0,0,0,0,0,0,0,0,0,0,0,0,0,0,0,0,0,0,0,0,0,0,0,3.33,3.33,0,0,0,0,0,0,0,0,0,3.33,0,0,0,0,0,0,0,0,0,0,0,0,0,0,0,0,0,0,0,0,0,0,0,0,0,0,0,0,0,3.33,0,0,0,0,0,0,0,0,0,0,0,0,0,3.33,0,0,0,0,0,0,0,0,0,0,0,0,0,0,0,0,0,0,0,0,0,0,0,0,0,0,0,0,0,0,0,0,0,0,0,0,0,0,0,0,0,0,0,0,0,0,0,0,0,0,0,0,0,0,0,0,0,0,0,0,3.33,0,0,0,0,0,0,0,3.33,0,0,0,0,0,0.161,0.419,0.419,0.323,0.548,0.129,0.548,0.258,0.194,0.355,0.516,0.129,0.29,0.194,0.355,0.194,0.387,0.419,0.548,0.161,0.29,0.1,0.2,0.433,0.367,0.033,0.2,0.367,0.267,0.1,0.433,0.133,0.133,0.133,0.2,0.2,0.133,0.233,0.4,0.233,0.333,0.067,9.677,9.677,25.806,64.516,100,16.129,32.258,51.613,77.419,96.774,3.226,12.903,35.484,54.839,90.323,22.581,25.806,48.387,67.742,83.871,3.226,16.129,38.71,61.29,96.774,9.677,9.677,87.097,93.548,100,3.226,16.129,38.71,61.29,96.774,22.581,35.484,48.387,67.742,93.548,9.677,9.677,64.516,77.419,100,3.226,6.452,29.032,54.839,90.323,9.677,35.484,58.065,80.645,100,16.129,16.129,32.258,64.516,96.774,22.581,35.484,48.387,67.742,83.871,16.129,16.129,51.613,77.419,96.774,3.226,6.452,29.032,54.839,90.323,9.677,9.677,64.516,87.097,100,16.129,32.258,51.613,77.419,96.774,3.226,12.903,35.484,54.839,90.323,3.226,16.129,38.71,61.29,96.774,9.677,9.677,25.806,87.097,100,22.581,35.484,48.387,67.742,83.871
MUC7-12-MER-L,50,RKSYKCLHKRCR,12,1577.9225,0.083333333,10.46665173,0,25,0,0,16.667,0,0,0,8.333,0,8.333,25,0,0,0,8.333,0,0,8.333,0,0,0,0,0,0,0,0,0,0,0,0,0,0,0,0,0,0,0,0,0,0,0,0,0,9.09,0,0,0,0,0,0,9.09,0,0,0,0,0,0,0,0,0,0,0,0,0,0,0,0,0,0,0,0,0,0,0,0,0,0,0,0,0,0,0,0,0,0,0,0,0,0,0,0,0,0,0,0,0,0,0,0,0,9.09,0,0,0,0,0,0,0,0,9.09,0,0,0,0,0,0,0,0,0,0,0,0,0,0,0,0,0,0,0,0,0,0,0,0,0,0,0,0,0,0,0,0,0,0,0,0,0,0,0,0,0,0,0,0,0,0,0,0,0,0,0,0,0,0,0,0,0,0,0,0,0,0,0,0,0,0,0,0,0,0,0,0,0,0,0,0,0,0,0,0,9.09,0,0,0,0,0,0,0,0,0,0,0,0,0,0,0,0,0,0,0,0,0,0,0,0,0,0,0,0,0,0,0,0,0,0,0,0,9.09,0,0,0,0,0,0,0,0,0,0,0,0,9.09,0,0,9.09,0,0,0,0,0,0,0,0,0,0,9.09,0,0,0,0,0,0,0,0,0,0,0,0,0,0,0,0,0,0,0,0,0,0,0,0,0,0,0,0,0,0,0,0,0,0,0,0,0,0,0,0,0,0,0,0,0,0,0,0,0,0,0,0,0,0,0,0,0,0,0,0,0,0,0,0,0,0,0,0,0,0,0,0,0,0,0,0,0,0,0,0,0,0,9.09,0,0,0,0,0,0,0,0,0,0,0,0,0,0,0,0,0,0,0,0,0,0,0,0,0,0,0,0,0,0,0,0,0,0,0,0,0,0,0,0,0,0,0,0,0,0,0,0,0,0,0,0,9.09,0,0,0,0,0,0,0,0,0,0,0,0,0,0,0,0,0,0,0,0,0,0,0,0,0,0,0,0,0.083,0.25,0.667,0.25,0.5,0.25,0.667,0.25,0.083,0.5,0.5,0,0.333,0,0.583,0.083,0.083,0.667,0.5,0.25,0.25,0,0.182,0.364,0.273,0.091,0.273,0.455,0.091,0.091,0.545,0,0,0,0.455,0,0,0.182,0.091,0.273,0.273,0.091,25,25,25,25,25,50,91.667,50,58.333,91.667,8.333,16.667,41.667,75,100,50,91.667,50,58.333,91.667,8.333,8.333,41.667,75,100,25,66.667,25,33.333,66.667,8.333,16.667,58.333,75,100,33.333,91.667,33.333,50,91.667,25,25,25,25,25,8.333,8.333,41.667,75,100,25,25,50,58.333,91.667,0,0,0,0,0,33.333,33.333,50,58.333,91.667,0,0,0,0,0,8.333,8.333,41.667,75,100,25,25,25,25,25,58.333,58.333,58.333,58.333,58.333,8.333,16.667,41.667,75,100,8.333,8.333,41.667,75,100,25,66.667,25,33.333,66.667,50,91.667,50,58.333,91.667
MUC7-12-MER-L4,50,RKSYKALHKRAR,12,1513.7925,0.083333333,11.74435062,16.667,25,0,0,0,0,0,0,8.333,0,8.333,25,0,0,0,8.333,0,0,8.333,0,0,9.09,0,0,0,0,0,0,0,0,9.09,0,0,0,0,0,0,0,0,0,9.09,0,0,0,0,0,0,0,0,0,0,9.09,0,0,0,0,0,0,0,0,0,0,0,0,0,0,0,0,0,0,0,0,0,0,0,0,0,0,0,0,0,0,0,0,0,0,0,0,0,0,0,0,0,0,0,0,0,0,0,0,0,0,0,0,0,0,0,0,0,0,0,0,0,0,0,0,0,0,0,0,0,0,0,0,0,0,0,0,0,0,0,0,0,0,0,0,0,0,0,0,0,0,0,0,0,0,0,0,0,0,0,0,0,0,0,0,0,0,0,0,0,0,0,0,0,0,0,0,0,0,0,0,0,0,0,0,0,0,0,0,0,0,0,0,0,0,0,0,0,0,0,9.09,0,0,0,0,0,0,0,0,0,0,0,0,0,0,0,0,0,0,0,0,0,0,0,0,0,0,0,0,0,0,0,0,0,0,0,0,9.09,0,0,0,0,0,0,0,0,0,0,0,9.09,9.09,0,0,0,0,0,0,0,0,0,0,0,0,0,9.09,0,0,0,0,0,0,0,0,0,0,0,0,0,0,0,0,0,0,0,0,0,0,0,0,0,0,0,0,0,0,0,0,0,0,0,0,0,0,0,0,0,0,0,0,0,0,0,0,0,0,0,0,0,0,0,0,0,0,0,0,0,0,0,0,0,0,0,0,0,0,0,0,0,0,0,0,0,0,0,0,0,0,9.09,0,0,0,0,0,0,0,0,0,0,0,0,0,0,0,0,0,0,0,0,0,0,0,0,0,0,0,0,0,0,0,0,0,0,0,0,0,0,0,0,0,0,0,0,0,0,0,0,0,0,0,0,9.09,0,0,0,0,0,0,0,0,0,0,0,0,0,0,0,0,0,0,0,0,0,0,0,0,0,0,0,0,0.25,0.083,0.667,0.25,0.5,0.25,0.833,0.083,0.083,0.5,0.5,0,0.167,0,0.583,0.25,0.083,0.667,0.5,0.417,0.083,0.091,0.455,0.091,0.273,0.091,0.273,0.091,0.091,0.091,0.545,0,0,0,0.182,0,0.091,0.455,0.091,0.545,0,0.182,25,91.667,25,50,91.667,58.333,58.333,58.333,58.333,58.333,8.333,16.667,41.667,75,100,50,91.667,50,58.333,91.667,8.333,8.333,41.667,75,100,25,66.667,25,33.333,66.667,8.333,16.667,58.333,75,100,33.333,33.333,33.333,33.333,33.333,25,25,25,25,25,8.333,8.333,41.667,75,100,25,25,50,58.333,91.667,0,0,0,0,0,33.333,58.333,33.333,33.333,58.333,0,0,0,0,0,8.333,8.333,41.667,75,100,25,91.667,25,50,91.667,58.333,58.333,58.333,58.333,58.333,8.333,16.667,41.667,75,100,8.333,8.333,41.667,75,100,25,25,33.333,50,91.667,58.333,58.333,58.333,58.333,58.333
HSN5,50,AKRHHGYKRKFH,12,1564.7977,0.166666667,11.16613369,8.333,16.667,0,0,0,0,0,8.333,25,0,0,25,0,8.333,0,0,0,0,8.333,0,0,0,0,0,0,0,0,0,0,0,0,9.09,0,0,0,0,0,0,0,0,0,0,0,0,0,0,0,0,9.09,0,0,9.09,0,0,0,0,0,0,0,0,0,0,0,0,0,0,0,0,0,0,0,0,0,0,0,0,0,0,0,0,0,0,0,0,0,0,0,0,0,0,0,0,0,0,0,0,0,0,0,0,0,0,0,0,0,0,0,0,0,0,0,0,0,0,0,0,0,0,0,0,0,0,0,0,0,0,0,0,0,0,0,0,0,0,0,0,0,0,0,0,0,0,0,0,0,0,0,0,0,0,0,0,0,0,0,0,0,0,0,0,0,0,0,0,0,0,0,0,0,0,0,0,0,0,0,0,0,0,9.09,0,0,0,0,0,0,0,0,9.09,9.09,0,0,0,0,0,0,0,0,0,0,0,0,0,0,0,0,0,0,0,0,0,0,0,0,0,0,0,0,0,0,0,0,0,0,0,0,0,0,0,0,0,0,0,0,0,0,0,0,0,0,0,0,18.18,0,0,0,0,0,0,0,0,0,0,0,9.09,0,0,0,0,0,0,0,0,0,0,0,0,0,0,0,0,0,0,0,0,0,0,0,0,0,0,0,0,0,0,0,0,0,0,9.09,0,0,0,0,0,0,0,0,0,0,0,0,0,0,0,0,0,0,0,0,0,0,0,0,0,0,0,0,0,0,0,0,0,0,0,0,0,0,0,0,0,0,0,0,0,0,0,0,0,0,0,0,0,0,0,0,0,0,0,0,0,0,0,0,0,0,0,0,0,0,0,0,0,0,0,0,0,0,0,0,0,0,0,0,0,0,0,0,0,0,0,0,0,0,0,0,0,0,0,0,0,0,9.09,0,0,0,0,0,0,0,0,0,0,0,0,0,0,0,0,0,0,0,0,0,0,0,0,0,0,0,0,0.167,0,0.833,0.25,0.417,0.333,0.75,0.167,0.083,0.417,0.583,0,0.167,0,0.667,0.167,0,0.833,0.417,0.5,0.083,0,0.273,0,0.182,0.273,0.182,0.273,0.091,0.091,0.364,0,0,0,0.273,0,0,0.273,0,0.273,0.091,0.091,8.333,50,8.333,8.333,50,0,0,0,0,0,16.667,25,58.333,75,100,8.333,91.667,8.333,50,91.667,16.667,16.667,25,66.667,83.333,33.333,33.333,41.667,58.333,100,8.333,16.667,33.333,66.667,100,58.333,91.667,58.333,58.333,91.667,50,50,50,50,50,16.667,16.667,25,66.667,83.333,8.333,8.333,41.667,58.333,100,0,0,0,0,0,58.333,91.667,58.333,58.333,91.667,0,0,0,0,0,16.667,25,41.667,75,100,8.333,50,8.333,8.333,50,0,0,0,0,0,16.667,25,58.333,75,100,16.667,16.667,25,66.667,83.333,8.333,8.333,41.667,50,100,91.667,91.667,91.667,91.667,91.667
S6L3-33,50,FKKFWKWFRRF,11,1676.0186,0.545454545,11.99996777,0,18.182,0,0,0,0,0,0,0,0,0,27.273,0,36.364,0,0,0,18.182,0,0,0,0,0,0,0,0,0,0,0,0,0,0,0,0,0,0,0,0,0,0,0,10,0,0,0,0,0,0,0,0,0,0,0,10,0,0,0,0,0,0,0,0,0,0,0,0,0,0,0,0,0,0,0,0,0,0,0,0,0,0,0,0,0,0,0,0,0,0,0,0,0,0,0,0,0,0,0,0,0,0,0,0,0,0,0,0,0,0,0,0,0,0,0,0,0,0,0,0,0,0,0,0,0,0,0,0,0,0,0,0,0,0,0,0,0,0,0,0,0,0,0,0,0,0,0,0,0,0,0,0,0,0,0,0,0,0,0,0,0,0,0,0,0,0,0,0,0,0,0,0,0,0,0,0,0,0,0,0,0,0,0,0,0,0,0,0,0,0,0,0,0,0,0,0,0,0,0,0,0,0,0,0,0,0,0,0,0,0,0,0,0,0,0,0,0,0,0,0,0,0,0,0,0,0,0,0,0,0,0,0,0,0,0,0,0,0,0,0,0,0,0,0,0,0,0,0,0,0,0,0,0,10,0,10,0,0,0,10,0,0,0,0,0,0,0,0,0,0,0,0,0,0,0,0,0,0,0,0,0,0,0,10,0,0,0,0,0,0,0,0,0,10,0,0,0,0,0,10,0,0,0,0,0,0,0,0,0,0,0,0,0,0,0,0,0,0,0,0,0,0,0,0,0,0,0,0,0,0,0,0,0,0,0,0,0,0,0,0,0,0,0,0,0,0,0,0,0,0,0,0,0,0,0,0,0,0,0,0,0,0,0,0,0,0,0,0,0,0,0,0,0,10,0,10,0,0,0,0,0,0,0,0,0,0,0,0,0,0,0,0,0,0,0,0,0,0,0,0,0,0,0,0,0,0,0,0,0,0,0,0,0,0,0,0,0,0,0,0,0,0,0,0,1,0.545,0.455,0,0.455,0.545,0,0.455,0.545,0,0.545,0,0.455,0,0,1,0.455,0,0.545,0,0,0,0.6,0,0,0.6,0,0,0.6,0,0,0,0.6,0,0,0,0,0,0.6,0,0,0,0,0,0,0,0,0,0,0,9.091,18.182,45.455,72.727,100,9.091,9.091,45.455,63.636,100,18.182,18.182,27.273,54.545,90.909,0,0,0,0,0,18.182,18.182,27.273,54.545,90.909,9.091,9.091,45.455,63.636,100,0,0,0,0,0,18.182,18.182,27.273,54.545,90.909,9.091,9.091,45.455,63.636,100,0,0,0,0,0,9.091,9.091,45.455,63.636,100,0,0,0,0,0,18.182,18.182,27.273,54.545,90.909,0,0,0,0,0,0,0,0,0,0,9.091,18.182,45.455,72.727,100,18.182,18.182,27.273,54.545,90.909,0,0,0,0,0,9.091,9.091,45.455,63.636,100
2C-4,50,RWRWRWF,7,1192.3759,0.571428571,11.99996777,0,42.857,0,0,0,0,0,0,0,0,0,0,0,14.286,0,0,0,42.857,0,0,0,0,0,0,0,0,0,0,0,0,0,0,0,0,0,0,0,0,0,0,0,0,0,0,0,0,0,0,0,0,0,0,0,0,0,0,0,50,0,0,0,0,0,0,0,0,0,0,0,0,0,0,0,0,0,0,0,0,0,0,0,0,0,0,0,0,0,0,0,0,0,0,0,0,0,0,0,0,0,0,0,0,0,0,0,0,0,0,0,0,0,0,0,0,0,0,0,0,0,0,0,0,0,0,0,0,0,0,0,0,0,0,0,0,0,0,0,0,0,0,0,0,0,0,0,0,0,0,0,0,0,0,0,0,0,0,0,0,0,0,0,0,0,0,0,0,0,0,0,0,0,0,0,0,0,0,0,0,0,0,0,0,0,0,0,0,0,0,0,0,0,0,0,0,0,0,0,0,0,0,0,0,0,0,0,0,0,0,0,0,0,0,0,0,0,0,0,0,0,0,0,0,0,0,0,0,0,0,0,0,0,0,0,0,0,0,0,0,0,0,0,0,0,0,0,0,0,0,0,0,0,0,0,0,0,0,0,0,0,0,0,0,0,0,0,0,0,0,0,0,0,0,0,0,0,0,0,0,0,0,0,0,0,0,0,0,0,0,0,0,0,0,0,0,0,0,0,0,0,0,0,0,0,0,0,0,0,0,0,0,0,0,0,0,0,0,0,0,0,0,0,0,0,0,0,0,0,0,0,0,0,0,0,0,0,0,0,0,0,0,0,0,0,0,0,0,0,0,0,0,0,0,0,0,0,0,0,0,0,0,0,33.33,0,0,0,0,0,0,0,0,0,0,0,16.67,0,0,0,0,0,0,0,0,0,0,0,0,0,0,0,0,0,0,0,0,0,0,0,0,0,0,0,0,0,0,0,0,0,0,0,0,0,0,0,0,0,0,0,0,0,0,0,0,1,0.571,0.429,0,0.429,0.571,0,0.429,0.571,0,0.571,0,0.429,0,0,1,0.429,0,0.571,0,0,0,0.833,0,0,0.833,0,0,0.833,0,0,0,0.833,0,0,0,0,0,0.833,0,0,0,0,0,0,0,0,0,0,0,14.286,14.286,42.857,71.429,100,28.571,28.571,57.143,85.714,100,14.286,71.429,14.286,42.857,71.429,0,0,0,0,0,14.286,71.429,14.286,42.857,71.429,28.571,28.571,57.143,85.714,100,0,0,0,0,0,14.286,71.429,14.286,42.857,71.429,28.571,28.571,57.143,85.714,100,0,0,0,0,0,28.571,28.571,57.143,85.714,100,0,0,0,0,0,14.286,71.429,14.286,42.857,71.429,0,0,0,0,0,0,0,0,0,0,14.286,14.286,42.857,71.429,100,14.286,71.429,14.286,42.857,71.429,0,0,0,0,0,28.571,28.571,57.143,85.714,100
SM6(L1)2C,50,FIKHFIHRFGGGRWRWRWF,19,2590.003,0.368421053,11.99996777,0,21.053,0,0,0,0,0,15.789,10.526,10.526,0,5.263,0,21.053,0,0,0,15.789,0,0,0,0,0,0,0,0,0,0,0,0,0,0,0,0,0,0,0,0,0,0,0,0,0,0,0,0,0,0,0,0,0,0,0,5.56,0,0,0,16.67,0,0,0,0,0,0,0,0,0,0,0,0,0,0,0,0,0,0,0,0,0,0,0,0,0,0,0,0,0,0,0,0,0,0,0,0,0,0,0,0,0,0,0,0,0,0,0,0,0,0,0,0,0,0,0,0,0,0,0,0,0,0,0,0,0,0,0,0,0,0,0,0,0,0,0,0,0,0,0,0,0,0,0,0,0,0,0,0,0,0,0,0,0,0,0,0,0,0,0,0,0,0,0,5.56,0,0,0,0,0,5.56,0,0,0,0,0,0,0,0,0,0,0,0,0,5.56,0,0,0,0,0,0,0,0,0,0,0,5.56,0,0,0,0,0,0,0,0,0,0,0,0,0,0,5.56,0,0,5.56,0,0,0,0,0,0,0,0,0,0,0,0,0,0,0,0,0,0,0,0,0,0,0,0,0,0,0,0,0,0,0,0,0,0,0,0,5.56,0,0,0,0,0,0,0,0,0,0,0,0,0,0,0,0,0,0,0,0,0,0,0,0,0,0,0,0,0,0,0,0,0,0,0,0,0,0,5.56,0,11.11,0,0,0,0,0,0,0,0,0,0,0,0,0,0,0,0,0,0,0,0,0,0,0,0,0,0,0,0,0,0,0,0,0,0,0,0,0,0,0,0,0,0,0,0,0,0,0,0,0,0,0,0,0,0,0,0,0,0,0,0,0,0,0,0,0,0,0,0,0,0,0,11.11,0,0,0,0,0,0,0,0,0,0,0,5.56,0,0,0,0,0,0,0,0,0,0,0,0,0,0,0,0,0,0,0,0,0,0,0,0,0,0,0,0,0,0,0,0,0,0,0,0,0,0,0,0,0,0,0,0,0,0,0.158,0.105,0.737,0.632,0.263,0.105,0.368,0.474,0.158,0.263,0.737,0,0.474,0,0.368,0.158,0.105,0.737,0.263,0.263,0.474,0,0.111,0.222,0.444,0.111,0.111,0.5,0.056,0.056,0.556,0,0,0,0.5,0,0,0.111,0.222,0.167,0.389,0.167,52.632,63.158,52.632,57.895,63.158,10.526,31.579,10.526,10.526,31.579,5.263,21.053,47.368,78.947,100,5.263,26.316,52.632,73.684,100,15.789,15.789,42.105,68.421,89.474,21.053,36.842,21.053,21.053,36.842,15.789,15.789,36.842,68.421,89.474,5.263,10.526,31.579,73.684,100,52.632,63.158,52.632,57.895,63.158,15.789,15.789,42.105,68.421,89.474,5.263,21.053,47.368,63.158,100,0,0,0,0,0,5.263,10.526,31.579,73.684,100,0,0,0,0,0,15.789,15.789,36.842,68.421,89.474,52.632,63.158,52.632,57.895,63.158,10.526,31.579,10.526,10.526,31.579,5.263,21.053,47.368,78.947,100,15.789,15.789,42.105,68.421,89.474,21.053,21.053,36.842,52.632,63.158,5.263,10.526,31.579,73.684,100
SM6(L3)2C,50,FIKHFIHRFSATRWRWRWF,19,2678.1082,0.368421053,11.99996777,5.263,21.053,0,0,0,0,0,0,10.526,10.526,0,5.263,0,21.053,0,5.263,5.263,15.789,0,0,0,0,0,0,0,0,0,0,0,0,0,0,0,0,0,0,5.56,0,0,0,0,0,0,0,0,0,0,0,0,0,0,0,0,5.56,0,0,0,16.67,0,0,0,0,0,0,0,0,0,0,0,0,0,0,0,0,0,0,0,0,0,0,0,0,0,0,0,0,0,0,0,0,0,0,0,0,0,0,0,0,0,0,0,0,0,0,0,0,0,0,0,0,0,0,0,0,0,0,0,0,0,0,0,0,0,0,0,0,0,0,0,0,0,0,0,0,0,0,0,0,0,0,0,0,0,0,0,0,0,0,0,0,0,0,0,0,0,0,0,0,0,0,0,0,0,0,0,0,0,0,0,0,0,0,0,0,0,0,0,0,0,0,0,5.56,0,0,0,0,0,0,0,0,0,0,0,5.56,0,0,0,0,0,0,0,0,0,0,0,0,0,0,5.56,0,0,5.56,0,0,0,0,0,0,0,0,0,0,0,0,0,0,0,0,0,0,0,0,0,0,0,0,0,0,0,0,0,0,0,0,0,0,0,0,5.56,0,0,0,0,0,0,0,0,0,0,0,0,0,0,0,0,0,0,0,0,0,0,0,0,0,0,0,0,0,0,0,0,0,0,0,0,0,0,0,0,11.11,0,0,0,0,0,5.56,0,0,0,0,0,0,0,0,0,0,0,0,0,0,0,0,0,0,0,0,0,0,0,0,5.56,0,0,0,0,0,0,0,0,0,0,0,0,0,0,0,0,0,0,0,0,5.56,0,0,0,0,0,0,0,0,0,0,0,0,0,0,0,0,0,0,0,11.11,0,0,0,0,0,0,0,0,0,0,0,5.56,0,0,0,0,0,0,0,0,0,0,0,0,0,0,0,0,0,0,0,0,0,0,0,0,0,0,0,0,0,0,0,0,0,0,0,0,0,0,0,0,0,0,0,0,0,0,0.158,0.105,0.737,0.526,0.263,0.211,0.421,0.526,0.053,0.263,0.737,0,0.474,0,0.368,0.158,0.105,0.737,0.263,0.263,0.474,0,0.111,0.222,0.389,0.278,0.167,0.611,0.056,0.056,0.556,0,0,0,0.5,0,0,0.111,0.222,0.167,0.389,0.167,52.632,63.158,52.632,57.895,63.158,10.526,31.579,10.526,10.526,31.579,5.263,21.053,47.368,78.947,100,5.263,10.526,47.368,73.684,100,15.789,15.789,42.105,68.421,89.474,21.053,21.053,36.842,52.632,63.158,15.789,21.053,42.105,68.421,89.474,5.263,10.526,47.368,73.684,100,52.632,52.632,52.632,52.632,52.632,15.789,15.789,42.105,68.421,89.474,5.263,21.053,47.368,63.158,100,0,0,0,0,0,5.263,10.526,31.579,73.684,100,0,0,0,0,0,15.789,15.789,36.842,68.421,89.474,52.632,63.158,52.632,57.895,63.158,10.526,31.579,10.526,10.526,31.579,5.263,21.053,47.368,78.947,100,15.789,15.789,42.105,68.421,89.474,21.053,21.053,36.842,52.632,63.158,5.263,10.526,31.579,73.684,100
SM6(L1)B33,50,FIKHFIHRFGGGFKKFWKWFRRF,23,3073.6457,0.391304348,11.99996777,0,13.043,0,0,0,0,0,13.043,8.696,8.696,0,17.391,0,30.435,0,0,0,8.696,0,0,0,0,0,0,0,0,0,0,0,0,0,0,0,0,0,0,0,0,0,0,0,4.55,0,0,0,0,0,0,0,0,0,0,0,9.09,0,0,0,0,0,0,0,0,0,0,0,0,0,0,0,0,0,0,0,0,0,0,0,0,0,0,0,0,0,0,0,0,0,0,0,0,0,0,0,0,0,0,0,0,0,0,0,0,0,0,0,0,0,0,0,0,0,0,0,0,0,0,0,0,0,0,0,0,0,0,0,0,0,0,0,0,0,0,0,0,0,0,0,0,0,0,0,0,0,0,0,0,0,0,0,0,0,0,0,0,0,0,0,0,0,0,0,0,0,0,0,0,0,4.55,0,0,0,0,0,4.55,0,0,0,0,0,0,0,4.55,0,0,0,0,0,0,0,0,0,0,0,4.55,0,0,0,0,0,0,0,0,0,0,0,0,0,0,4.55,0,0,4.55,0,0,0,0,0,0,0,0,0,0,0,0,0,0,0,0,0,0,0,0,0,0,0,0,0,0,0,0,0,0,0,0,0,0,0,0,4.55,0,0,4.55,0,4.55,0,0,0,4.55,0,0,0,0,0,0,0,0,0,0,0,0,0,0,0,0,0,0,0,0,0,0,0,4.55,0,0,0,0,0,4.55,0,9.09,0,4.55,0,0,0,0,0,4.55,0,0,0,0,0,0,0,0,0,0,0,0,0,0,0,0,0,0,0,0,0,0,0,0,0,0,0,0,0,0,0,0,0,0,0,0,0,0,0,0,0,0,0,0,0,0,0,0,0,0,0,0,0,0,0,0,0,0,0,0,0,0,0,0,0,0,0,0,0,0,0,0,0,4.55,0,4.55,0,0,0,0,0,0,0,0,0,0,0,0,0,0,0,0,0,0,0,0,0,0,0,0,0,0,0,0,0,0,0,0,0,0,0,0,0,0,0,0,0,0,0,0,0,0,0.13,0.087,0.783,0.609,0.304,0.087,0.391,0.478,0.13,0.304,0.696,0,0.478,0,0.391,0.13,0.087,0.783,0.304,0.217,0.478,0,0.091,0.182,0.364,0.091,0.091,0.455,0,0.091,0.455,0,0,0,0.455,0,0,0.091,0.182,0.091,0.364,0.182,43.478,52.174,43.478,47.826,52.174,8.696,26.087,8.696,8.696,26.087,4.348,21.739,60.87,78.261,100,4.348,21.739,47.826,69.565,100,13.043,13.043,60.87,78.261,95.652,17.391,30.435,17.391,17.391,30.435,13.043,17.391,34.783,65.217,95.652,4.348,8.696,39.13,73.913,100,43.478,52.174,43.478,47.826,52.174,13.043,13.043,60.87,78.261,95.652,4.348,21.739,43.478,69.565,100,0,0,0,0,0,4.348,8.696,39.13,73.913,100,0,0,0,0,0,13.043,17.391,34.783,65.217,95.652,43.478,52.174,43.478,47.826,52.174,8.696,26.087,8.696,8.696,26.087,4.348,21.739,60.87,78.261,100,13.043,13.043,60.87,78.261,95.652,17.391,17.391,30.435,43.478,52.174,4.348,8.696,39.13,73.913,100
MELITTIN,50,GIGAVLKVLTTGLPALISWIKRKRQQ,26,2847.4471,0.038461538,11.99996777,7.692,7.692,0,0,0,0,7.692,11.538,0,11.538,15.385,11.538,0,0,3.846,3.846,7.692,3.846,0,7.692,0,0,0,0,0,0,0,0,0,0,4,0,0,0,0,0,0,0,0,4,0,0,0,0,0,0,4,0,0,0,0,4,0,0,0,0,0,0,0,0,0,0,0,0,0,0,0,0,0,0,0,0,0,0,0,0,0,0,0,0,0,0,0,0,0,0,0,0,0,0,0,0,0,0,0,0,0,0,0,0,0,0,0,0,0,0,0,0,0,0,0,0,0,0,0,0,0,0,0,0,0,0,0,0,0,0,0,0,0,0,0,0,0,0,0,0,0,0,0,0,0,0,0,0,0,0,4,0,0,0,0,0,0,0,0,0,0,0,0,0,4,0,0,0,0,0,0,0,0,4,4,0,0,0,0,0,0,0,0,0,0,0,0,0,0,0,0,0,0,0,0,0,0,0,0,0,0,0,0,0,0,0,0,0,0,0,0,4,0,0,0,4,0,0,0,4,0,0,0,0,0,0,0,0,0,0,0,0,0,4,0,4,0,0,4,0,4,0,0,0,0,8,0,0,0,0,0,0,0,0,0,0,0,0,0,0,0,0,0,4,0,0,0,0,0,0,0,0,0,0,0,0,0,0,0,0,0,0,0,0,0,0,0,0,0,0,0,0,0,0,0,0,0,0,0,0,0,0,0,0,4,0,0,0,0,0,0,0,0,0,0,0,0,0,0,0,0,0,0,0,0,0,0,0,0,0,0,0,0,0,0,0,0,0,0,0,0,4,0,0,0,0,0,0,0,0,0,4,0,0,0,0,0,0,0,0,4,0,0,0,0,0,0,0,0,0,0,0,0,4,0,0,0,0,0,0,0,0,0,0,0,0,0,0,0,0,0,0,0,0,0,0,0,0,0,0,0,0,0,0,0,0,0,0,0,0,0,0,0,0,8,0,0,0,0,0,0,0,0,0,0.308,0.462,0.231,0.577,0.269,0.154,0.5,0.308,0.192,0.192,0.808,0,0.385,0.115,0.192,0.346,0.423,0.231,0.269,0.346,0.385,0.32,0.04,0.2,0.12,0.24,0,0.28,0.16,0.2,0.16,0,0,0.04,0.12,0.04,0.32,0.04,0.2,0,0.12,0.36,3.846,11.538,38.462,46.154,69.231,7.692,23.077,50,65.385,100,26.923,26.923,80.769,84.615,92.308,3.846,11.538,30.769,57.692,76.923,26.923,26.923,84.615,92.308,100,38.462,38.462,42.308,53.846,69.231,15.385,26.923,57.692,84.615,100,7.692,19.231,38.462,65.385,76.923,3.846,3.846,11.538,46.154,69.231,26.923,26.923,80.769,84.615,92.308,3.846,19.231,42.308,61.538,100,0,0,0,0,0,7.692,19.231,34.615,61.538,76.923,53.846,100,53.846,96.154,100,26.923,26.923,80.769,84.615,92.308,3.846,11.538,38.462,46.154,69.231,7.692,19.231,34.615,65.385,100,26.923,26.923,80.769,84.615,92.308,26.923,26.923,84.615,92.308,100,3.846,11.538,38.462,46.154,69.231,7.692,19.231,34.615,61.538,76.923
LF11-324,55.33,PFFWRIRIRR,10,1446.746,0.3,11.99996777,0,40,0,0,0,0,0,0,0,20,0,0,0,20,10,0,0,10,0,0,0,0,0,0,0,0,0,0,0,0,0,0,0,0,0,0,0,0,0,0,0,11.11,0,0,0,0,0,0,0,22.22,0,0,0,0,0,0,0,0,0,0,0,0,0,0,0,0,0,0,0,0,0,0,0,0,0,0,0,0,0,0,0,0,0,0,0,0,0,0,0,0,0,0,0,0,0,0,0,0,0,0,0,0,0,0,0,0,0,0,0,0,0,0,0,0,0,0,0,0,0,0,0,0,0,0,0,0,0,0,0,0,0,0,0,0,0,0,0,0,0,0,0,0,0,0,0,0,0,0,0,0,0,0,0,0,0,0,0,0,0,0,0,0,0,0,0,0,0,0,0,0,0,0,0,0,0,0,0,0,0,0,0,0,0,0,0,0,0,0,0,0,0,0,0,0,0,0,0,0,0,0,0,22.22,0,0,0,0,0,0,0,0,0,0,0,0,0,0,0,0,0,0,0,0,0,0,0,0,0,0,0,0,0,0,0,0,0,0,0,0,0,0,0,0,0,0,0,0,0,0,0,0,0,0,0,0,0,0,0,0,0,0,0,0,0,0,0,0,0,0,0,0,0,0,0,0,0,0,0,0,0,0,0,0,0,0,0,0,0,0,0,0,0,0,0,11.11,0,0,0,11.11,0,0,0,0,0,0,0,0,0,0,0,0,0,0,0,11.11,0,0,0,0,0,0,0,0,0,0,0,0,0,0,0,0,0,0,0,0,0,0,0,0,0,0,0,0,0,0,0,0,0,0,0,0,0,0,0,0,0,0,0,0,0,0,0,11.11,0,0,0,0,0,0,0,0,0,0,0,0,0,0,0,0,0,0,0,0,0,0,0,0,0,0,0,0,0,0,0,0,0,0,0,0,0,0,0,0,0,0,0,0,0,0,0,0,0,0,0,0,0,0,0,0,0,0,0,0.3,0.7,0.5,0.4,0.1,0.4,0.5,0.1,0.4,0.6,0,0.5,0.1,0.4,0.1,0.2,0.7,0.4,0.1,0.5,0,0,0.556,0.556,0.111,0,0.556,0,0.111,0.556,0,0,0.111,0.556,0,0,0.111,0.444,0,0.556,0.111,0,0,0,0,0,10,80,10,60,80,20,20,40,70,100,20,20,30,40,80,50,50,70,90,100,10,10,10,10,10,50,50,70,90,100,20,20,30,40,80,10,10,10,10,10,50,50,70,90,100,10,10,30,40,80,0,0,0,0,0,20,20,30,40,80,10,10,10,10,10,50,50,70,90,100,10,10,10,10,10,60,80,60,60,80,20,20,40,70,100,50,50,70,90,100,10,10,10,10,10,20,20,30,40,80
KASSINIATUERIN-3,64,FIQHLIPLIPHAIQGIKDIF,20,2313.78,0.1,6.918351173,5,0,0,5,0,0,10,5,10,30,10,5,0,10,10,0,0,0,0,0,0,0,0,0,0,0,0,0,0,5.26,0,0,0,0,0,0,0,0,0,0,0,0,0,0,0,0,0,0,0,0,0,0,0,0,0,0,0,0,0,0,0,0,0,0,0,0,0,0,0,0,0,0,0,0,0,0,0,0,0,0,0,0,0,0,0,0,0,0,0,5.26,0,0,0,0,0,0,0,0,0,0,0,0,0,0,0,0,0,0,0,0,0,0,0,0,0,0,0,0,0,0,0,0,0,0,0,0,0,0,0,0,0,0,0,0,0,0,0,0,0,0,0,0,0,0,0,0,0,5.26,5.26,0,0,0,0,0,0,0,0,0,0,0,0,0,0,0,0,0,0,0,0,5.26,0,0,0,0,0,0,0,0,0,0,5.26,0,0,0,0,0,0,0,0,0,5.26,0,0,0,0,0,0,0,0,0,0,0,0,0,0,0,10.53,0,0,0,0,5.26,0,5.26,10.53,0,0,0,0,0,0,0,0,0,0,0,0,0,0,10.53,0,0,0,0,0,0,0,0,0,0,0,0,0,5.26,0,0,0,0,0,0,0,0,0,0,0,0,0,0,0,0,0,0,0,0,0,0,0,0,0,0,0,0,0,0,0,0,0,0,0,0,0,0,0,0,0,0,0,0,0,5.26,0,0,0,0,0,0,0,0,0,0,0,0,0,0,0,0,0,0,5.26,0,5.26,0,0,0,0,0,0,0,0,0,0,0,0,0,0,0,0,0,0,0,0,0,0,0,0,0,0,0,0,0,0,0,0,0,0,0,0,0,0,0,0,0,0,0,0,0,0,0,0,0,0,0,0,0,0,0,0,0,0,0,0,0,0,0,0,0,0,0,0,0,0,0,0,0,0,0,0,0,0,0,0,0,0,0,0,0,0,0,0,0,0,0,0,0,0,0,0,0,0,0,0,0,0,0,0,0,0,0,0,0,0.15,0.6,0.25,0.6,0.2,0.2,0.4,0.4,0.2,0.05,0.9,0.05,0.5,0.2,0.15,0.25,0.5,0.25,0.2,0.3,0.5,0.211,0.105,0.316,0.263,0.263,0.053,0.316,0.211,0.211,0.053,0.053,0.053,0.263,0.105,0.105,0.368,0.158,0.263,0.105,0.211,0.316,60,90,60,75,90,10,25,40,65,95,5,5,20,55,100,5,25,45,75,100,15,15,70,85,90,20,20,35,50,55,15,20,40,60,85,5,10,45,80,100,35,35,50,75,90,85,85,85,85,85,5,20,45,65,100,90,90,90,90,90,5,10,40,65,100,15,15,35,50,70,20,85,20,55,85,35,35,50,60,90,10,15,40,65,95,5,5,20,55,100,15,15,70,85,90,20,20,50,55,75,5,10,40,65,100
R-FV-I16,64,RFRRLFRIRVRVLKKI,16,2156.7141,0.125,11.99996777,0,37.5,0,0,0,0,0,0,0,12.5,12.5,12.5,0,12.5,0,0,0,0,0,12.5,0,0,0,0,0,0,0,0,0,0,0,0,0,0,0,0,0,0,0,0,0,6.67,0,0,0,0,0,0,0,6.67,6.67,0,0,6.67,0,0,0,0,0,13.33,0,0,0,0,0,0,0,0,0,0,0,0,0,0,0,0,0,0,0,0,0,0,0,0,0,0,0,0,0,0,0,0,0,0,0,0,0,0,0,0,0,0,0,0,0,0,0,0,0,0,0,0,0,0,0,0,0,0,0,0,0,0,0,0,0,0,0,0,0,0,0,0,0,0,0,0,0,0,0,0,0,0,0,0,0,0,0,0,0,0,0,0,0,0,0,0,0,0,0,0,0,0,0,0,0,0,0,0,0,0,0,0,0,0,0,0,0,0,0,0,0,0,0,0,0,0,0,0,0,0,0,0,0,0,0,0,0,0,0,0,0,6.67,0,0,0,0,0,0,0,0,0,0,0,0,0,0,0,0,0,0,0,0,0,0,0,0,0,0,0,0,0,6.67,0,6.67,0,0,0,0,0,0,0,0,0,0,0,0,0,0,0,6.67,0,6.67,0,0,0,0,0,0,0,0,0,0,0,0,0,0,0,0,0,0,0,0,0,0,0,0,0,0,0,0,0,13.33,0,0,0,0,0,0,0,0,0,0,0,0,0,0,0,0,0,0,0,0,0,0,0,0,0,0,0,0,0,0,0,0,0,0,0,0,0,0,0,0,0,0,0,0,0,0,0,0,0,0,0,0,0,0,0,0,0,0,0,0,0,0,0,0,0,0,0,0,0,0,0,0,0,0,0,0,0,0,0,0,0,0,0,0,0,0,0,0,0,0,0,0,0,0,0,0,0,0,0,0,0,0,0,0,0,0,0,0,0,0,0,0,0,0,0,0,0,0,0,6.67,0,0,0,0,0,0,0,0,6.67,0,0,0,0,0,0,0,0,0,0,0.375,0.625,0.5,0.5,0,0.625,0.375,0,0.5,0.5,0,0.5,0,0.5,0,0.375,0.625,0.5,0,0.5,0,0,0.6,0.733,0,0,0.733,0,0,0.733,0,0,0,0.733,0,0,0,0.6,0,0.733,0,0,0,0,0,0,31.25,31.25,62.5,75,100,6.25,12.5,37.5,56.25,93.75,12.5,31.25,50,75,100,6.25,18.75,43.75,68.75,93.75,0,0,0,0,0,6.25,18.75,43.75,68.75,93.75,12.5,12.5,50,62.5,100,0,0,0,0,0,6.25,18.75,43.75,68.75,93.75,12.5,31.25,50,75,100,0,0,0,0,0,12.5,31.25,50,75,100,0,0,0,0,0,6.25,18.75,43.75,68.75,93.75,0,0,0,0,0,31.25,31.25,62.5,75,100,6.25,12.5,37.5,56.25,93.75,6.25,18.75,43.75,68.75,93.75,0,0,0,0,0,12.5,31.25,50,75,100
